fig_id,lang,narrative_role,takeaway,label_id,svg_id,role,text,pos_system,page_w_pt,page_h_pt,center_x_pt,center_y_pt,anchor_x_pt,anchor_y_pt,width_pt,height_pt,x_frac,y_frac,axes_id,axes_frac_x,axes_frac_y,data_x,data_y,fontsize,fontfamily,fontweight,fontstyle,rotation,ha,va,color,math,n_lines,font_file
fig1_method_evac_relocation,en,,,fig1_method_evac_relocation:001,csf-fig1_method_evac_relocation-tick-001,tick,$\mathdefault{80}$,"page-points, origin = BOTTOM-LEFT of the exported page; page = matplotlib tight bbox of the figure + savefig.pad_inches (0.05 in) per side (the page matplotlib actually writes for bbox_inches='tight'). center_x_pt/center_y_pt = centre of the rendered text bbox; anchor_x_pt/anchor_y_pt = matplotlib text anchor (equals the SVG/PDF text x/y only for va='baseline', otherwise it differs by the ascent/descent, a few pt); x_frac/y_frac = the centre as a 0-1 fraction of that page.",517.64,581.445,-3.62,640.666,0.1,641.65,7.44,9.12,-0.007,1.1019,,,,,,8.0,sans-serif,normal,normal,0.0,right,center_baseline,black,True,1,C:\Users\wzw\AppData\Local\Programs\MiKTeX\fonts\opentype\public\libertinus-fonts\LibertinusSans-Regular.otf
fig1_method_evac_relocation,en,,,fig1_method_evac_relocation:002,csf-fig1_method_evac_relocation-tick-002,tick,$\mathdefault{70}$,"page-points, origin = BOTTOM-LEFT of the exported page; page = matplotlib tight bbox of the figure + savefig.pad_inches (0.05 in) per side (the page matplotlib actually writes for bbox_inches='tight'). center_x_pt/center_y_pt = centre of the rendered text bbox; anchor_x_pt/anchor_y_pt = matplotlib text anchor (equals the SVG/PDF text x/y only for va='baseline', otherwise it differs by the ascent/descent, a few pt); x_frac/y_frac = the centre as a 0-1 fraction of that page.",517.64,581.445,-3.62,560.91,0.1,561.894,7.44,9.12,-0.007,0.9647,,,,,,8.0,sans-serif,normal,normal,0.0,right,center_baseline,black,True,1,C:\Users\wzw\AppData\Local\Programs\MiKTeX\fonts\opentype\public\libertinus-fonts\LibertinusSans-Regular.otf
fig1_method_evac_relocation,en,,,fig1_method_evac_relocation:003,csf-fig1_method_evac_relocation-tick-003,tick,$\mathdefault{60}$,"page-points, origin = BOTTOM-LEFT of the exported page; page = matplotlib tight bbox of the figure + savefig.pad_inches (0.05 in) per side (the page matplotlib actually writes for bbox_inches='tight'). center_x_pt/center_y_pt = centre of the rendered text bbox; anchor_x_pt/anchor_y_pt = matplotlib text anchor (equals the SVG/PDF text x/y only for va='baseline', otherwise it differs by the ascent/descent, a few pt); x_frac/y_frac = the centre as a 0-1 fraction of that page.",517.64,581.445,-3.62,481.154,0.1,482.138,7.44,9.12,-0.007,0.8275,,,,,,8.0,sans-serif,normal,normal,0.0,right,center_baseline,black,True,1,C:\Users\wzw\AppData\Local\Programs\MiKTeX\fonts\opentype\public\libertinus-fonts\LibertinusSans-Regular.otf
fig1_method_evac_relocation,en,,,fig1_method_evac_relocation:004,csf-fig1_method_evac_relocation-tick-004,tick,$\mathdefault{50}$,"page-points, origin = BOTTOM-LEFT of the exported page; page = matplotlib tight bbox of the figure + savefig.pad_inches (0.05 in) per side (the page matplotlib actually writes for bbox_inches='tight'). center_x_pt/center_y_pt = centre of the rendered text bbox; anchor_x_pt/anchor_y_pt = matplotlib text anchor (equals the SVG/PDF text x/y only for va='baseline', otherwise it differs by the ascent/descent, a few pt); x_frac/y_frac = the centre as a 0-1 fraction of that page.",517.64,581.445,-3.62,401.397,0.1,402.381,7.44,9.12,-0.007,0.6903,,,,,,8.0,sans-serif,normal,normal,0.0,right,center_baseline,black,True,1,C:\Users\wzw\AppData\Local\Programs\MiKTeX\fonts\opentype\public\libertinus-fonts\LibertinusSans-Regular.otf
fig1_method_evac_relocation,en,,,fig1_method_evac_relocation:005,csf-fig1_method_evac_relocation-tick-005,tick,$\mathdefault{40}$,"page-points, origin = BOTTOM-LEFT of the exported page; page = matplotlib tight bbox of the figure + savefig.pad_inches (0.05 in) per side (the page matplotlib actually writes for bbox_inches='tight'). center_x_pt/center_y_pt = centre of the rendered text bbox; anchor_x_pt/anchor_y_pt = matplotlib text anchor (equals the SVG/PDF text x/y only for va='baseline', otherwise it differs by the ascent/descent, a few pt); x_frac/y_frac = the centre as a 0-1 fraction of that page.",517.64,581.445,-3.62,321.641,0.1,322.625,7.44,9.12,-0.007,0.5532,,,,,,8.0,sans-serif,normal,normal,0.0,right,center_baseline,black,True,1,C:\Users\wzw\AppData\Local\Programs\MiKTeX\fonts\opentype\public\libertinus-fonts\LibertinusSans-Regular.otf
fig1_method_evac_relocation,en,,,fig1_method_evac_relocation:006,csf-fig1_method_evac_relocation-tick-006,tick,$\mathdefault{30}$,"page-points, origin = BOTTOM-LEFT of the exported page; page = matplotlib tight bbox of the figure + savefig.pad_inches (0.05 in) per side (the page matplotlib actually writes for bbox_inches='tight'). center_x_pt/center_y_pt = centre of the rendered text bbox; anchor_x_pt/anchor_y_pt = matplotlib text anchor (equals the SVG/PDF text x/y only for va='baseline', otherwise it differs by the ascent/descent, a few pt); x_frac/y_frac = the centre as a 0-1 fraction of that page.",517.64,581.445,-3.62,241.885,0.1,242.869,7.44,9.12,-0.007,0.416,,,,,,8.0,sans-serif,normal,normal,0.0,right,center_baseline,black,True,1,C:\Users\wzw\AppData\Local\Programs\MiKTeX\fonts\opentype\public\libertinus-fonts\LibertinusSans-Regular.otf
fig1_method_evac_relocation,en,,,fig1_method_evac_relocation:007,csf-fig1_method_evac_relocation-tick-007,tick,$\mathdefault{20}$,"page-points, origin = BOTTOM-LEFT of the exported page; page = matplotlib tight bbox of the figure + savefig.pad_inches (0.05 in) per side (the page matplotlib actually writes for bbox_inches='tight'). center_x_pt/center_y_pt = centre of the rendered text bbox; anchor_x_pt/anchor_y_pt = matplotlib text anchor (equals the SVG/PDF text x/y only for va='baseline', otherwise it differs by the ascent/descent, a few pt); x_frac/y_frac = the centre as a 0-1 fraction of that page.",517.64,581.445,-3.62,162.129,0.1,163.113,7.44,9.12,-0.007,0.2788,,,,,,8.0,sans-serif,normal,normal,0.0,right,center_baseline,black,True,1,C:\Users\wzw\AppData\Local\Programs\MiKTeX\fonts\opentype\public\libertinus-fonts\LibertinusSans-Regular.otf
fig1_method_evac_relocation,en,,,fig1_method_evac_relocation:008,csf-fig1_method_evac_relocation-tick-008,tick,$\mathdefault{10}$,"page-points, origin = BOTTOM-LEFT of the exported page; page = matplotlib tight bbox of the figure + savefig.pad_inches (0.05 in) per side (the page matplotlib actually writes for bbox_inches='tight'). center_x_pt/center_y_pt = centre of the rendered text bbox; anchor_x_pt/anchor_y_pt = matplotlib text anchor (equals the SVG/PDF text x/y only for va='baseline', otherwise it differs by the ascent/descent, a few pt); x_frac/y_frac = the centre as a 0-1 fraction of that page.",517.64,581.445,-3.62,82.372,0.1,83.356,7.44,9.12,-0.007,0.1417,,,,,,8.0,sans-serif,normal,normal,0.0,right,center_baseline,black,True,1,C:\Users\wzw\AppData\Local\Programs\MiKTeX\fonts\opentype\public\libertinus-fonts\LibertinusSans-Regular.otf
fig1_method_evac_relocation,en,,,fig1_method_evac_relocation:009,csf-fig1_method_evac_relocation-tick-009,tick,$\mathdefault{0}$,"page-points, origin = BOTTOM-LEFT of the exported page; page = matplotlib tight bbox of the figure + savefig.pad_inches (0.05 in) per side (the page matplotlib actually writes for bbox_inches='tight'). center_x_pt/center_y_pt = centre of the rendered text bbox; anchor_x_pt/anchor_y_pt = matplotlib text anchor (equals the SVG/PDF text x/y only for va='baseline', otherwise it differs by the ascent/descent, a few pt); x_frac/y_frac = the centre as a 0-1 fraction of that page.",517.64,581.445,-1.82,2.616,0.1,3.6,3.84,9.12,-0.0035,0.0045,,,,,,8.0,sans-serif,normal,normal,0.0,right,center_baseline,black,True,1,C:\Users\wzw\AppData\Local\Programs\MiKTeX\fonts\opentype\public\libertinus-fonts\LibertinusSans-Regular.otf
fig1_method_evac_relocation,en,,,fig1_method_evac_relocation:010,csf-fig1_method_evac_relocation-tick-010,tick,$\mathdefault{0}$,"page-points, origin = BOTTOM-LEFT of the exported page; page = matplotlib tight bbox of the figure + savefig.pad_inches (0.05 in) per side (the page matplotlib actually writes for bbox_inches='tight'). center_x_pt/center_y_pt = centre of the rendered text bbox; anchor_x_pt/anchor_y_pt = matplotlib text anchor (equals the SVG/PDF text x/y only for va='baseline', otherwise it differs by the ascent/descent, a few pt); x_frac/y_frac = the centre as a 0-1 fraction of that page.",517.64,581.445,3.6,-4.46,3.6,0.1,3.84,9.12,0.007,-0.0077,,,,,,8.0,sans-serif,normal,normal,0.0,center,top,black,True,1,C:\Users\wzw\AppData\Local\Programs\MiKTeX\fonts\opentype\public\libertinus-fonts\LibertinusSans-Regular.otf
fig1_method_evac_relocation,en,,,fig1_method_evac_relocation:011,csf-fig1_method_evac_relocation-tick-011,tick,$\mathdefault{10}$,"page-points, origin = BOTTOM-LEFT of the exported page; page = matplotlib tight bbox of the figure + savefig.pad_inches (0.05 in) per side (the page matplotlib actually writes for bbox_inches='tight'). center_x_pt/center_y_pt = centre of the rendered text bbox; anchor_x_pt/anchor_y_pt = matplotlib text anchor (equals the SVG/PDF text x/y only for va='baseline', otherwise it differs by the ascent/descent, a few pt); x_frac/y_frac = the centre as a 0-1 fraction of that page.",517.64,581.445,83.356,-4.46,83.356,0.1,7.44,9.12,0.161,-0.0077,,,,,,8.0,sans-serif,normal,normal,0.0,center,top,black,True,1,C:\Users\wzw\AppData\Local\Programs\MiKTeX\fonts\opentype\public\libertinus-fonts\LibertinusSans-Regular.otf
fig1_method_evac_relocation,en,,,fig1_method_evac_relocation:012,csf-fig1_method_evac_relocation-tick-012,tick,$\mathdefault{20}$,"page-points, origin = BOTTOM-LEFT of the exported page; page = matplotlib tight bbox of the figure + savefig.pad_inches (0.05 in) per side (the page matplotlib actually writes for bbox_inches='tight'). center_x_pt/center_y_pt = centre of the rendered text bbox; anchor_x_pt/anchor_y_pt = matplotlib text anchor (equals the SVG/PDF text x/y only for va='baseline', otherwise it differs by the ascent/descent, a few pt); x_frac/y_frac = the centre as a 0-1 fraction of that page.",517.64,581.445,163.113,-4.46,163.113,0.1,7.44,9.12,0.3151,-0.0077,,,,,,8.0,sans-serif,normal,normal,0.0,center,top,black,True,1,C:\Users\wzw\AppData\Local\Programs\MiKTeX\fonts\opentype\public\libertinus-fonts\LibertinusSans-Regular.otf
fig1_method_evac_relocation,en,,,fig1_method_evac_relocation:013,csf-fig1_method_evac_relocation-tick-013,tick,$\mathdefault{30}$,"page-points, origin = BOTTOM-LEFT of the exported page; page = matplotlib tight bbox of the figure + savefig.pad_inches (0.05 in) per side (the page matplotlib actually writes for bbox_inches='tight'). center_x_pt/center_y_pt = centre of the rendered text bbox; anchor_x_pt/anchor_y_pt = matplotlib text anchor (equals the SVG/PDF text x/y only for va='baseline', otherwise it differs by the ascent/descent, a few pt); x_frac/y_frac = the centre as a 0-1 fraction of that page.",517.64,581.445,242.869,-4.46,242.869,0.1,7.44,9.12,0.4692,-0.0077,,,,,,8.0,sans-serif,normal,normal,0.0,center,top,black,True,1,C:\Users\wzw\AppData\Local\Programs\MiKTeX\fonts\opentype\public\libertinus-fonts\LibertinusSans-Regular.otf
fig1_method_evac_relocation,en,,,fig1_method_evac_relocation:014,csf-fig1_method_evac_relocation-tick-014,tick,$\mathdefault{40}$,"page-points, origin = BOTTOM-LEFT of the exported page; page = matplotlib tight bbox of the figure + savefig.pad_inches (0.05 in) per side (the page matplotlib actually writes for bbox_inches='tight'). center_x_pt/center_y_pt = centre of the rendered text bbox; anchor_x_pt/anchor_y_pt = matplotlib text anchor (equals the SVG/PDF text x/y only for va='baseline', otherwise it differs by the ascent/descent, a few pt); x_frac/y_frac = the centre as a 0-1 fraction of that page.",517.64,581.445,322.625,-4.46,322.625,0.1,7.44,9.12,0.6233,-0.0077,,,,,,8.0,sans-serif,normal,normal,0.0,center,top,black,True,1,C:\Users\wzw\AppData\Local\Programs\MiKTeX\fonts\opentype\public\libertinus-fonts\LibertinusSans-Regular.otf
fig1_method_evac_relocation,en,,,fig1_method_evac_relocation:015,csf-fig1_method_evac_relocation-tick-015,tick,$\mathdefault{50}$,"page-points, origin = BOTTOM-LEFT of the exported page; page = matplotlib tight bbox of the figure + savefig.pad_inches (0.05 in) per side (the page matplotlib actually writes for bbox_inches='tight'). center_x_pt/center_y_pt = centre of the rendered text bbox; anchor_x_pt/anchor_y_pt = matplotlib text anchor (equals the SVG/PDF text x/y only for va='baseline', otherwise it differs by the ascent/descent, a few pt); x_frac/y_frac = the centre as a 0-1 fraction of that page.",517.64,581.445,402.381,-4.46,402.381,0.1,7.44,9.12,0.7773,-0.0077,,,,,,8.0,sans-serif,normal,normal,0.0,center,top,black,True,1,C:\Users\wzw\AppData\Local\Programs\MiKTeX\fonts\opentype\public\libertinus-fonts\LibertinusSans-Regular.otf
fig1_method_evac_relocation,en,,,fig1_method_evac_relocation:016,csf-fig1_method_evac_relocation-tick-016,tick,$\mathdefault{60}$,"page-points, origin = BOTTOM-LEFT of the exported page; page = matplotlib tight bbox of the figure + savefig.pad_inches (0.05 in) per side (the page matplotlib actually writes for bbox_inches='tight'). center_x_pt/center_y_pt = centre of the rendered text bbox; anchor_x_pt/anchor_y_pt = matplotlib text anchor (equals the SVG/PDF text x/y only for va='baseline', otherwise it differs by the ascent/descent, a few pt); x_frac/y_frac = the centre as a 0-1 fraction of that page.",517.64,581.445,482.138,-4.46,482.138,0.1,7.44,9.12,0.9314,-0.0077,,,,,,8.0,sans-serif,normal,normal,0.0,center,top,black,True,1,C:\Users\wzw\AppData\Local\Programs\MiKTeX\fonts\opentype\public\libertinus-fonts\LibertinusSans-Regular.otf
fig1_method_evac_relocation,en,,,fig1_method_evac_relocation:017,csf-fig1_method_evac_relocation-tick-017,tick,$\mathdefault{70}$,"page-points, origin = BOTTOM-LEFT of the exported page; page = matplotlib tight bbox of the figure + savefig.pad_inches (0.05 in) per side (the page matplotlib actually writes for bbox_inches='tight'). center_x_pt/center_y_pt = centre of the rendered text bbox; anchor_x_pt/anchor_y_pt = matplotlib text anchor (equals the SVG/PDF text x/y only for va='baseline', otherwise it differs by the ascent/descent, a few pt); x_frac/y_frac = the centre as a 0-1 fraction of that page.",517.64,581.445,561.894,-4.46,561.894,0.1,7.44,9.12,1.0855,-0.0077,,,,,,8.0,sans-serif,normal,normal,0.0,center,top,black,True,1,C:\Users\wzw\AppData\Local\Programs\MiKTeX\fonts\opentype\public\libertinus-fonts\LibertinusSans-Regular.otf
fig1_method_evac_relocation,en,,,fig1_method_evac_relocation:018,csf-fig1_method_evac_relocation-legend-018,legend,Data flow,"page-points, origin = BOTTOM-LEFT of the exported page; page = matplotlib tight bbox of the figure + savefig.pad_inches (0.05 in) per side (the page matplotlib actually writes for bbox_inches='tight'). center_x_pt/center_y_pt = centre of the rendered text bbox; anchor_x_pt/anchor_y_pt = matplotlib text anchor (equals the SVG/PDF text x/y only for va='baseline', otherwise it differs by the ascent/descent, a few pt); x_frac/y_frac = the centre as a 0-1 fraction of that page.",517.64,581.445,312.834,78.571,298.698,78.571,28.271,7.98,0.6043,0.1351,ax0,0.5781,0.1306,37.0,9.4,7.0,sans-serif,normal,normal,0.0,left,center,#4D4D4D,False,1,C:\Users\wzw\AppData\Local\Programs\MiKTeX\fonts\opentype\public\libertinus-fonts\LibertinusSans-Regular.otf
fig1_method_evac_relocation,en,,,fig1_method_evac_relocation:019,csf-fig1_method_evac_relocation-legend-019,legend,Feedback loop,"page-points, origin = BOTTOM-LEFT of the exported page; page = matplotlib tight bbox of the figure + savefig.pad_inches (0.05 in) per side (the page matplotlib actually writes for bbox_inches='tight'). center_x_pt/center_y_pt = centre of the rendered text bbox; anchor_x_pt/anchor_y_pt = matplotlib text anchor (equals the SVG/PDF text x/y only for va='baseline', otherwise it differs by the ascent/descent, a few pt); x_frac/y_frac = the centre as a 0-1 fraction of that page.",517.64,581.445,319.411,54.644,298.698,54.644,41.426,7.98,0.6171,0.094,ax0,0.5781,0.0889,37.0,6.4,7.0,sans-serif,normal,normal,0.0,left,center,#D62728,False,1,C:\Users\wzw\AppData\Local\Programs\MiKTeX\fonts\opentype\public\libertinus-fonts\LibertinusSans-Regular.otf
fig1_method_evac_relocation,en,,,fig1_method_evac_relocation:020,csf-fig1_method_evac_relocation-node-020,node,"Venue and geometry
Layout / constraints","page-points, origin = BOTTOM-LEFT of the exported page; page = matplotlib tight bbox of the figure + savefig.pad_inches (0.05 in) per side (the page matplotlib actually writes for bbox_inches='tight'). center_x_pt/center_y_pt = centre of the rendered text bbox; anchor_x_pt/anchor_y_pt = matplotlib text anchor (equals the SVG/PDF text x/y only for va='baseline', otherwise it differs by the ascent/descent, a few pt); x_frac/y_frac = the centre as a 0-1 fraction of that page.",517.64,581.445,123.234,510.052,123.234,510.052,72.709,33.915,0.2381,0.8772,ax0,0.2344,0.8819,15.0,63.5,8.5,sans-serif,normal,normal,0.0,center,center,#1A1A1A,False,2,C:\Users\wzw\AppData\Local\Programs\MiKTeX\fonts\opentype\public\libertinus-fonts\LibertinusSans-Regular.otf
fig1_method_evac_relocation,en,,,fig1_method_evac_relocation:021,csf-fig1_method_evac_relocation-node-021,node,"Exit capacity model
$\mu_k = w_k q$","page-points, origin = BOTTOM-LEFT of the exported page; page = matplotlib tight bbox of the figure + savefig.pad_inches (0.05 in) per side (the page matplotlib actually writes for bbox_inches='tight'). center_x_pt/center_y_pt = centre of the rendered text bbox; anchor_x_pt/anchor_y_pt = matplotlib text anchor (equals the SVG/PDF text x/y only for va='baseline', otherwise it differs by the ascent/descent, a few pt); x_frac/y_frac = the centre as a 0-1 fraction of that page.",517.64,581.445,274.771,510.052,274.771,510.052,68.94,33.915,0.5308,0.8772,ax0,0.5312,0.8819,34.0,63.5,8.5,sans-serif,normal,normal,0.0,center,center,#1A1A1A,True,2,C:\Users\wzw\AppData\Local\Programs\MiKTeX\fonts\opentype\public\libertinus-fonts\LibertinusSans-Regular.otf
fig1_method_evac_relocation,en,,,fig1_method_evac_relocation:022,csf-fig1_method_evac_relocation-node-022,node,"Agent population
N heterogeneous agents
state + velocity","page-points, origin = BOTTOM-LEFT of the exported page; page = matplotlib tight bbox of the figure + savefig.pad_inches (0.05 in) per side (the page matplotlib actually writes for bbox_inches='tight'). center_x_pt/center_y_pt = centre of the rendered text bbox; anchor_x_pt/anchor_y_pt = matplotlib text anchor (equals the SVG/PDF text x/y only for va='baseline', otherwise it differs by the ascent/descent, a few pt); x_frac/y_frac = the centre as a 0-1 fraction of that page.",517.64,581.445,123.234,382.442,123.234,382.442,84.712,50.873,0.2381,0.6577,ax0,0.2344,0.6597,15.0,47.5,8.5,sans-serif,normal,normal,0.0,center,center,#1A1A1A,False,3,C:\Users\wzw\AppData\Local\Programs\MiKTeX\fonts\opentype\public\libertinus-fonts\LibertinusSans-Regular.otf
fig1_method_evac_relocation,en,,,fig1_method_evac_relocation:023,csf-fig1_method_evac_relocation-node-023,node,"Global observation
$o_i=(p_i,\{Q_k\})$","page-points, origin = BOTTOM-LEFT of the exported page; page = matplotlib tight bbox of the figure + savefig.pad_inches (0.05 in) per side (the page matplotlib actually writes for bbox_inches='tight'). center_x_pt/center_y_pt = centre of the rendered text bbox; anchor_x_pt/anchor_y_pt = matplotlib text anchor (equals the SVG/PDF text x/y only for va='baseline', otherwise it differs by the ascent/descent, a few pt); x_frac/y_frac = the centre as a 0-1 fraction of that page.",517.64,581.445,274.771,382.442,274.771,382.442,66.127,33.915,0.5308,0.6577,ax0,0.5312,0.6597,34.0,47.5,8.5,sans-serif,normal,normal,0.0,center,center,#1A1A1A,True,2,C:\Users\wzw\AppData\Local\Programs\MiKTeX\fonts\opentype\public\libertinus-fonts\LibertinusSans-Regular.otf
fig1_method_evac_relocation,en,,,fig1_method_evac_relocation:024,csf-fig1_method_evac_relocation-node-024,node,"Shared policy
$\pi_\theta(a_i\,|\,o_i)$","page-points, origin = BOTTOM-LEFT of the exported page; page = matplotlib tight bbox of the figure + savefig.pad_inches (0.05 in) per side (the page matplotlib actually writes for bbox_inches='tight'). center_x_pt/center_y_pt = centre of the rendered text bbox; anchor_x_pt/anchor_y_pt = matplotlib text anchor (equals the SVG/PDF text x/y only for va='baseline', otherwise it differs by the ascent/descent, a few pt); x_frac/y_frac = the centre as a 0-1 fraction of that page.",517.64,581.445,426.308,382.442,426.308,382.442,47.812,33.915,0.8236,0.6577,ax0,0.8281,0.6597,53.0,47.5,8.5,sans-serif,normal,normal,0.0,center,center,#1A1A1A,True,2,C:\Users\wzw\AppData\Local\Programs\MiKTeX\fonts\opentype\public\libertinus-fonts\LibertinusSans-Regular.otf
fig1_method_evac_relocation,en,,,fig1_method_evac_relocation:025,csf-fig1_method_evac_relocation-node-025,node,"Marginal cost
$c_i(k)=d_i(k)+\lambda Q_k$","page-points, origin = BOTTOM-LEFT of the exported page; page = matplotlib tight bbox of the figure + savefig.pad_inches (0.05 in) per side (the page matplotlib actually writes for bbox_inches='tight'). center_x_pt/center_y_pt = centre of the rendered text bbox; anchor_x_pt/anchor_y_pt = matplotlib text anchor (equals the SVG/PDF text x/y only for va='baseline', otherwise it differs by the ascent/descent, a few pt); x_frac/y_frac = the centre as a 0-1 fraction of that page.",517.64,581.445,123.234,254.832,123.234,254.832,73.44,33.915,0.2381,0.4383,ax0,0.2344,0.4375,15.0,31.5,8.5,sans-serif,normal,normal,0.0,center,center,#1A1A1A,True,2,C:\Users\wzw\AppData\Local\Programs\MiKTeX\fonts\opentype\public\libertinus-fonts\LibertinusSans-Regular.otf
fig1_method_evac_relocation,en,,,fig1_method_evac_relocation:026,csf-fig1_method_evac_relocation-node-026,node,"Exit assignment
$a_i=\arg\min_k c_i(k)$","page-points, origin = BOTTOM-LEFT of the exported page; page = matplotlib tight bbox of the figure + savefig.pad_inches (0.05 in) per side (the page matplotlib actually writes for bbox_inches='tight'). center_x_pt/center_y_pt = centre of the rendered text bbox; anchor_x_pt/anchor_y_pt = matplotlib text anchor (equals the SVG/PDF text x/y only for va='baseline', otherwise it differs by the ascent/descent, a few pt); x_frac/y_frac = the centre as a 0-1 fraction of that page.",517.64,581.445,274.771,254.832,274.771,254.832,68.4,33.915,0.5308,0.4383,ax0,0.5312,0.4375,34.0,31.5,8.5,sans-serif,normal,normal,0.0,center,center,#1A1A1A,True,2,C:\Users\wzw\AppData\Local\Programs\MiKTeX\fonts\opentype\public\libertinus-fonts\LibertinusSans-Regular.otf
fig1_method_evac_relocation,en,,,fig1_method_evac_relocation:027,csf-fig1_method_evac_relocation-node-027,node,"Capacity service
$\mu_k\Delta t$ queue service","page-points, origin = BOTTOM-LEFT of the exported page; page = matplotlib tight bbox of the figure + savefig.pad_inches (0.05 in) per side (the page matplotlib actually writes for bbox_inches='tight'). center_x_pt/center_y_pt = centre of the rendered text bbox; anchor_x_pt/anchor_y_pt = matplotlib text anchor (equals the SVG/PDF text x/y only for va='baseline', otherwise it differs by the ascent/descent, a few pt); x_frac/y_frac = the centre as a 0-1 fraction of that page.",517.64,581.445,426.308,254.832,426.308,254.832,67.68,33.915,0.8236,0.4383,ax0,0.8281,0.4375,53.0,31.5,8.5,sans-serif,normal,normal,0.0,center,center,#1A1A1A,True,2,C:\Users\wzw\AppData\Local\Programs\MiKTeX\fonts\opentype\public\libertinus-fonts\LibertinusSans-Regular.otf
fig1_method_evac_relocation,en,,,fig1_method_evac_relocation:028,csf-fig1_method_evac_relocation-node-028,node,"System metrics
T, Gini, bottleneck utilization","page-points, origin = BOTTOM-LEFT of the exported page; page = matplotlib tight bbox of the figure + savefig.pad_inches (0.05 in) per side (the page matplotlib actually writes for bbox_inches='tight'). center_x_pt/center_y_pt = centre of the rendered text bbox; anchor_x_pt/anchor_y_pt = matplotlib text anchor (equals the SVG/PDF text x/y only for va='baseline', otherwise it differs by the ascent/descent, a few pt); x_frac/y_frac = the centre as a 0-1 fraction of that page.",517.64,581.445,123.234,127.222,123.234,127.222,101.61,33.915,0.2381,0.2188,ax0,0.2344,0.2153,15.0,15.5,8.5,sans-serif,normal,normal,0.0,center,center,#1A1A1A,False,2,C:\Users\wzw\AppData\Local\Programs\MiKTeX\fonts\opentype\public\libertinus-fonts\LibertinusSans-Regular.otf
fig1_method_evac_relocation,en,,,fig1_method_evac_relocation:029,csf-fig1_method_evac_relocation-node-029,node,"Congestion feedback
$Q_k(t)$ return","page-points, origin = BOTTOM-LEFT of the exported page; page = matplotlib tight bbox of the figure + savefig.pad_inches (0.05 in) per side (the page matplotlib actually writes for bbox_inches='tight'). center_x_pt/center_y_pt = centre of the rendered text bbox; anchor_x_pt/anchor_y_pt = matplotlib text anchor (equals the SVG/PDF text x/y only for va='baseline', otherwise it differs by the ascent/descent, a few pt); x_frac/y_frac = the centre as a 0-1 fraction of that page.",517.64,581.445,274.771,127.222,274.771,127.222,73.56,33.915,0.5308,0.2188,ax0,0.5312,0.2153,34.0,15.5,8.5,sans-serif,normal,normal,0.0,center,center,#1A1A1A,True,2,C:\Users\wzw\AppData\Local\Programs\MiKTeX\fonts\opentype\public\libertinus-fonts\LibertinusSans-Regular.otf
fig1_method_evac_relocation,en,,,fig1_method_evac_relocation:030,csf-fig1_method_evac_relocation-lane-label-030,lane-label,Environment,"page-points, origin = BOTTOM-LEFT of the exported page; page = matplotlib tight bbox of the figure + savefig.pad_inches (0.05 in) per side (the page matplotlib actually writes for bbox_inches='tight'). center_x_pt/center_y_pt = centre of the rendered text bbox; anchor_x_pt/anchor_y_pt = matplotlib text anchor (equals the SVG/PDF text x/y only for va='baseline', otherwise it differs by the ascent/descent, a few pt); x_frac/y_frac = the centre as a 0-1 fraction of that page.",517.64,581.445,31.515,510.052,31.515,510.052,9.12,42.656,0.0609,0.8772,ax0,0.0547,0.8819,3.5,63.5,8.0,sans-serif,normal,normal,90.0,center,center,#7F7F7F,False,1,C:\Users\wzw\AppData\Local\Programs\MiKTeX\fonts\opentype\public\libertinus-fonts\LibertinusSans-Regular.otf
fig1_method_evac_relocation,en,,,fig1_method_evac_relocation:031,csf-fig1_method_evac_relocation-lane-label-031,lane-label,Agents,"page-points, origin = BOTTOM-LEFT of the exported page; page = matplotlib tight bbox of the figure + savefig.pad_inches (0.05 in) per side (the page matplotlib actually writes for bbox_inches='tight'). center_x_pt/center_y_pt = centre of the rendered text bbox; anchor_x_pt/anchor_y_pt = matplotlib text anchor (equals the SVG/PDF text x/y only for va='baseline', otherwise it differs by the ascent/descent, a few pt); x_frac/y_frac = the centre as a 0-1 fraction of that page.",517.64,581.445,31.515,382.442,31.515,382.442,9.12,22.703,0.0609,0.6577,ax0,0.0547,0.6597,3.5,47.5,8.0,sans-serif,normal,normal,90.0,center,center,#7F7F7F,False,1,C:\Users\wzw\AppData\Local\Programs\MiKTeX\fonts\opentype\public\libertinus-fonts\LibertinusSans-Regular.otf
fig1_method_evac_relocation,en,,,fig1_method_evac_relocation:032,csf-fig1_method_evac_relocation-lane-label-032,lane-label,Algorithm,"page-points, origin = BOTTOM-LEFT of the exported page; page = matplotlib tight bbox of the figure + savefig.pad_inches (0.05 in) per side (the page matplotlib actually writes for bbox_inches='tight'). center_x_pt/center_y_pt = centre of the rendered text bbox; anchor_x_pt/anchor_y_pt = matplotlib text anchor (equals the SVG/PDF text x/y only for va='baseline', otherwise it differs by the ascent/descent, a few pt); x_frac/y_frac = the centre as a 0-1 fraction of that page.",517.64,581.445,31.515,254.832,31.515,254.832,9.12,33.6,0.0609,0.4383,ax0,0.0547,0.4375,3.5,31.5,8.0,sans-serif,normal,normal,90.0,center,center,#7F7F7F,False,1,C:\Users\wzw\AppData\Local\Programs\MiKTeX\fonts\opentype\public\libertinus-fonts\LibertinusSans-Regular.otf
fig1_method_evac_relocation,en,,,fig1_method_evac_relocation:033,csf-fig1_method_evac_relocation-lane-label-033,lane-label,Evaluation and feedback,"page-points, origin = BOTTOM-LEFT of the exported page; page = matplotlib tight bbox of the figure + savefig.pad_inches (0.05 in) per side (the page matplotlib actually writes for bbox_inches='tight'). center_x_pt/center_y_pt = centre of the rendered text bbox; anchor_x_pt/anchor_y_pt = matplotlib text anchor (equals the SVG/PDF text x/y only for va='baseline', otherwise it differs by the ascent/descent, a few pt); x_frac/y_frac = the centre as a 0-1 fraction of that page.",517.64,581.445,31.515,127.222,31.515,127.222,9.12,80.752,0.0609,0.2188,ax0,0.0547,0.2153,3.5,15.5,8.0,sans-serif,normal,normal,90.0,center,center,#7F7F7F,False,1,C:\Users\wzw\AppData\Local\Programs\MiKTeX\fonts\opentype\public\libertinus-fonts\LibertinusSans-Regular.otf
fig1_method_evac_relocation,en,,,fig1_method_evac_relocation:034,csf-fig1_method_evac_relocation-annotation-034,annotation,constraints,"page-points, origin = BOTTOM-LEFT of the exported page; page = matplotlib tight bbox of the figure + savefig.pad_inches (0.05 in) per side (the page matplotlib actually writes for bbox_inches='tight'). center_x_pt/center_y_pt = centre of the rendered text bbox; anchor_x_pt/anchor_y_pt = matplotlib text anchor (equals the SVG/PDF text x/y only for va='baseline', otherwise it differs by the ascent/descent, a few pt); x_frac/y_frac = the centre as a 0-1 fraction of that page.",517.64,581.445,199.003,510.052,199.003,510.052,32.88,8.094,0.3844,0.8772,ax0,0.3828,0.8819,24.5,63.5,7.1,sans-serif,normal,normal,0.0,center,center,#1A1A1A,False,1,C:\Users\wzw\AppData\Local\Programs\MiKTeX\fonts\opentype\public\libertinus-fonts\LibertinusSans-Regular.otf
fig1_method_evac_relocation,en,,,fig1_method_evac_relocation:035,csf-fig1_method_evac_relocation-annotation-035,annotation,capacity,"page-points, origin = BOTTOM-LEFT of the exported page; page = matplotlib tight bbox of the figure + savefig.pad_inches (0.05 in) per side (the page matplotlib actually writes for bbox_inches='tight'). center_x_pt/center_y_pt = centre of the rendered text bbox; anchor_x_pt/anchor_y_pt = matplotlib text anchor (equals the SVG/PDF text x/y only for va='baseline', otherwise it differs by the ascent/descent, a few pt); x_frac/y_frac = the centre as a 0-1 fraction of that page.",517.64,581.445,274.771,446.247,274.771,446.247,24.48,8.094,0.5308,0.7675,ax0,0.5312,0.7708,34.0,55.5,7.1,sans-serif,normal,normal,0.0,center,center,#1A1A1A,False,1,C:\Users\wzw\AppData\Local\Programs\MiKTeX\fonts\opentype\public\libertinus-fonts\LibertinusSans-Regular.otf
fig1_method_evac_relocation,en,,,fig1_method_evac_relocation:036,csf-fig1_method_evac_relocation-annotation-036,annotation,states,"page-points, origin = BOTTOM-LEFT of the exported page; page = matplotlib tight bbox of the figure + savefig.pad_inches (0.05 in) per side (the page matplotlib actually writes for bbox_inches='tight'). center_x_pt/center_y_pt = centre of the rendered text bbox; anchor_x_pt/anchor_y_pt = matplotlib text anchor (equals the SVG/PDF text x/y only for va='baseline', otherwise it differs by the ascent/descent, a few pt); x_frac/y_frac = the centre as a 0-1 fraction of that page.",517.64,581.445,199.003,382.442,199.003,382.442,17.04,8.094,0.3844,0.6577,ax0,0.3828,0.6597,24.5,47.5,7.1,sans-serif,normal,normal,0.0,center,center,#1A1A1A,False,1,C:\Users\wzw\AppData\Local\Programs\MiKTeX\fonts\opentype\public\libertinus-fonts\LibertinusSans-Regular.otf
fig1_method_evac_relocation,en,,,fig1_method_evac_relocation:037,csf-fig1_method_evac_relocation-annotation-037,annotation,observations,"page-points, origin = BOTTOM-LEFT of the exported page; page = matplotlib tight bbox of the figure + savefig.pad_inches (0.05 in) per side (the page matplotlib actually writes for bbox_inches='tight'). center_x_pt/center_y_pt = centre of the rendered text bbox; anchor_x_pt/anchor_y_pt = matplotlib text anchor (equals the SVG/PDF text x/y only for va='baseline', otherwise it differs by the ascent/descent, a few pt); x_frac/y_frac = the centre as a 0-1 fraction of that page.",517.64,581.445,350.54,382.442,350.54,382.442,37.305,8.094,0.6772,0.6577,ax0,0.6797,0.6597,43.5,47.5,7.1,sans-serif,normal,normal,0.0,center,center,#1A1A1A,False,1,C:\Users\wzw\AppData\Local\Programs\MiKTeX\fonts\opentype\public\libertinus-fonts\LibertinusSans-Regular.otf
fig1_method_evac_relocation,en,,,fig1_method_evac_relocation:038,csf-fig1_method_evac_relocation-annotation-038,annotation,policy,"page-points, origin = BOTTOM-LEFT of the exported page; page = matplotlib tight bbox of the figure + savefig.pad_inches (0.05 in) per side (the page matplotlib actually writes for bbox_inches='tight'). center_x_pt/center_y_pt = centre of the rendered text bbox; anchor_x_pt/anchor_y_pt = matplotlib text anchor (equals the SVG/PDF text x/y only for va='baseline', otherwise it differs by the ascent/descent, a few pt); x_frac/y_frac = the centre as a 0-1 fraction of that page.",517.64,581.445,199.003,318.637,199.003,318.637,17.569,8.094,0.3844,0.548,ax0,0.3828,0.5486,24.5,39.5,7.1,sans-serif,normal,normal,0.0,center,center,#1A1A1A,False,1,C:\Users\wzw\AppData\Local\Programs\MiKTeX\fonts\opentype\public\libertinus-fonts\LibertinusSans-Regular.otf
fig1_method_evac_relocation,en,,,fig1_method_evac_relocation:039,csf-fig1_method_evac_relocation-annotation-039,annotation,costs,"page-points, origin = BOTTOM-LEFT of the exported page; page = matplotlib tight bbox of the figure + savefig.pad_inches (0.05 in) per side (the page matplotlib actually writes for bbox_inches='tight'). center_x_pt/center_y_pt = centre of the rendered text bbox; anchor_x_pt/anchor_y_pt = matplotlib text anchor (equals the SVG/PDF text x/y only for va='baseline', otherwise it differs by the ascent/descent, a few pt); x_frac/y_frac = the centre as a 0-1 fraction of that page.",517.64,581.445,199.003,254.832,199.003,254.832,14.88,8.094,0.3844,0.4383,ax0,0.3828,0.4375,24.5,31.5,7.1,sans-serif,normal,normal,0.0,center,center,#1A1A1A,False,1,C:\Users\wzw\AppData\Local\Programs\MiKTeX\fonts\opentype\public\libertinus-fonts\LibertinusSans-Regular.otf
fig1_method_evac_relocation,en,,,fig1_method_evac_relocation:040,csf-fig1_method_evac_relocation-annotation-040,annotation,assignment,"page-points, origin = BOTTOM-LEFT of the exported page; page = matplotlib tight bbox of the figure + savefig.pad_inches (0.05 in) per side (the page matplotlib actually writes for bbox_inches='tight'). center_x_pt/center_y_pt = centre of the rendered text bbox; anchor_x_pt/anchor_y_pt = matplotlib text anchor (equals the SVG/PDF text x/y only for va='baseline', otherwise it differs by the ascent/descent, a few pt); x_frac/y_frac = the centre as a 0-1 fraction of that page.",517.64,581.445,350.54,254.832,350.54,254.832,33.6,8.094,0.6772,0.4383,ax0,0.6797,0.4375,43.5,31.5,7.1,sans-serif,normal,normal,0.0,center,center,#1A1A1A,False,1,C:\Users\wzw\AppData\Local\Programs\MiKTeX\fonts\opentype\public\libertinus-fonts\LibertinusSans-Regular.otf
fig1_method_evac_relocation,en,,,fig1_method_evac_relocation:041,csf-fig1_method_evac_relocation-annotation-041,annotation,congestion return,"page-points, origin = BOTTOM-LEFT of the exported page; page = matplotlib tight bbox of the figure + savefig.pad_inches (0.05 in) per side (the page matplotlib actually writes for bbox_inches='tight'). center_x_pt/center_y_pt = centre of the rendered text bbox; anchor_x_pt/anchor_y_pt = matplotlib text anchor (equals the SVG/PDF text x/y only for va='baseline', otherwise it differs by the ascent/descent, a few pt); x_frac/y_frac = the centre as a 0-1 fraction of that page.",517.64,581.445,199.003,191.027,199.003,191.027,52.024,8.094,0.3844,0.3285,ax0,0.3828,0.3264,24.5,23.5,7.1,sans-serif,normal,normal,0.0,center,center,#1A1A1A,False,1,C:\Users\wzw\AppData\Local\Programs\MiKTeX\fonts\opentype\public\libertinus-fonts\LibertinusSans-Regular.otf
fig1_method_evac_relocation,en,,,fig1_method_evac_relocation:042,csf-fig1_method_evac_relocation-annotation-042,annotation,service events,"page-points, origin = BOTTOM-LEFT of the exported page; page = matplotlib tight bbox of the figure + savefig.pad_inches (0.05 in) per side (the page matplotlib actually writes for bbox_inches='tight'). center_x_pt/center_y_pt = centre of the rendered text bbox; anchor_x_pt/anchor_y_pt = matplotlib text anchor (equals the SVG/PDF text x/y only for va='baseline', otherwise it differs by the ascent/descent, a few pt); x_frac/y_frac = the centre as a 0-1 fraction of that page.",517.64,581.445,426.308,191.027,426.308,191.027,40.56,8.094,0.8236,0.3285,ax0,0.8281,0.3264,53.0,23.5,7.1,sans-serif,normal,normal,0.0,center,center,#1A1A1A,False,1,C:\Users\wzw\AppData\Local\Programs\MiKTeX\fonts\opentype\public\libertinus-fonts\LibertinusSans-Regular.otf
fig1_method_evac_relocation,en,,,fig1_method_evac_relocation:043,csf-fig1_method_evac_relocation-annotation-043,annotation,queue length,"page-points, origin = BOTTOM-LEFT of the exported page; page = matplotlib tight bbox of the figure + savefig.pad_inches (0.05 in) per side (the page matplotlib actually writes for bbox_inches='tight'). center_x_pt/center_y_pt = centre of the rendered text bbox; anchor_x_pt/anchor_y_pt = matplotlib text anchor (equals the SVG/PDF text x/y only for va='baseline', otherwise it differs by the ascent/descent, a few pt); x_frac/y_frac = the centre as a 0-1 fraction of that page.",517.64,581.445,426.308,191.027,426.308,191.027,37.68,8.094,0.8236,0.3285,ax0,0.8281,0.3264,53.0,23.5,7.1,sans-serif,normal,normal,0.0,center,center,#1A1A1A,False,1,C:\Users\wzw\AppData\Local\Programs\MiKTeX\fonts\opentype\public\libertinus-fonts\LibertinusSans-Regular.otf
fig1_method_evac_relocation,en,,,fig1_method_evac_relocation:044,csf-fig1_method_evac_relocation-annotation-044,annotation,metrics,"page-points, origin = BOTTOM-LEFT of the exported page; page = matplotlib tight bbox of the figure + savefig.pad_inches (0.05 in) per side (the page matplotlib actually writes for bbox_inches='tight'). center_x_pt/center_y_pt = centre of the rendered text bbox; anchor_x_pt/anchor_y_pt = matplotlib text anchor (equals the SVG/PDF text x/y only for va='baseline', otherwise it differs by the ascent/descent, a few pt); x_frac/y_frac = the centre as a 0-1 fraction of that page.",517.64,581.445,199.003,127.222,199.003,127.222,21.84,8.094,0.3844,0.2188,ax0,0.3828,0.2153,24.5,15.5,7.1,sans-serif,normal,normal,0.0,center,center,#1A1A1A,False,1,C:\Users\wzw\AppData\Local\Programs\MiKTeX\fonts\opentype\public\libertinus-fonts\LibertinusSans-Regular.otf
fig1_method_job_shop,en,,,fig1_method_job_shop:001,csf-fig1_method_job_shop-tick-001,tick,$\mathdefault{80}$,"page-points, origin = BOTTOM-LEFT of the exported page; page = matplotlib tight bbox of the figure + savefig.pad_inches (0.05 in) per side (the page matplotlib actually writes for bbox_inches='tight'). center_x_pt/center_y_pt = centre of the rendered text bbox; anchor_x_pt/anchor_y_pt = matplotlib text anchor (equals the SVG/PDF text x/y only for va='baseline', otherwise it differs by the ascent/descent, a few pt); x_frac/y_frac = the centre as a 0-1 fraction of that page.",517.64,581.445,-3.62,640.666,0.1,641.65,7.44,9.12,-0.007,1.1019,,,,,,8.0,sans-serif,normal,normal,0.0,right,center_baseline,black,True,1,C:\Users\wzw\AppData\Local\Programs\MiKTeX\fonts\opentype\public\libertinus-fonts\LibertinusSans-Regular.otf
fig1_method_job_shop,en,,,fig1_method_job_shop:002,csf-fig1_method_job_shop-tick-002,tick,$\mathdefault{70}$,"page-points, origin = BOTTOM-LEFT of the exported page; page = matplotlib tight bbox of the figure + savefig.pad_inches (0.05 in) per side (the page matplotlib actually writes for bbox_inches='tight'). center_x_pt/center_y_pt = centre of the rendered text bbox; anchor_x_pt/anchor_y_pt = matplotlib text anchor (equals the SVG/PDF text x/y only for va='baseline', otherwise it differs by the ascent/descent, a few pt); x_frac/y_frac = the centre as a 0-1 fraction of that page.",517.64,581.445,-3.62,560.91,0.1,561.894,7.44,9.12,-0.007,0.9647,,,,,,8.0,sans-serif,normal,normal,0.0,right,center_baseline,black,True,1,C:\Users\wzw\AppData\Local\Programs\MiKTeX\fonts\opentype\public\libertinus-fonts\LibertinusSans-Regular.otf
fig1_method_job_shop,en,,,fig1_method_job_shop:003,csf-fig1_method_job_shop-tick-003,tick,$\mathdefault{60}$,"page-points, origin = BOTTOM-LEFT of the exported page; page = matplotlib tight bbox of the figure + savefig.pad_inches (0.05 in) per side (the page matplotlib actually writes for bbox_inches='tight'). center_x_pt/center_y_pt = centre of the rendered text bbox; anchor_x_pt/anchor_y_pt = matplotlib text anchor (equals the SVG/PDF text x/y only for va='baseline', otherwise it differs by the ascent/descent, a few pt); x_frac/y_frac = the centre as a 0-1 fraction of that page.",517.64,581.445,-3.62,481.154,0.1,482.138,7.44,9.12,-0.007,0.8275,,,,,,8.0,sans-serif,normal,normal,0.0,right,center_baseline,black,True,1,C:\Users\wzw\AppData\Local\Programs\MiKTeX\fonts\opentype\public\libertinus-fonts\LibertinusSans-Regular.otf
fig1_method_job_shop,en,,,fig1_method_job_shop:004,csf-fig1_method_job_shop-tick-004,tick,$\mathdefault{50}$,"page-points, origin = BOTTOM-LEFT of the exported page; page = matplotlib tight bbox of the figure + savefig.pad_inches (0.05 in) per side (the page matplotlib actually writes for bbox_inches='tight'). center_x_pt/center_y_pt = centre of the rendered text bbox; anchor_x_pt/anchor_y_pt = matplotlib text anchor (equals the SVG/PDF text x/y only for va='baseline', otherwise it differs by the ascent/descent, a few pt); x_frac/y_frac = the centre as a 0-1 fraction of that page.",517.64,581.445,-3.62,401.397,0.1,402.381,7.44,9.12,-0.007,0.6903,,,,,,8.0,sans-serif,normal,normal,0.0,right,center_baseline,black,True,1,C:\Users\wzw\AppData\Local\Programs\MiKTeX\fonts\opentype\public\libertinus-fonts\LibertinusSans-Regular.otf
fig1_method_job_shop,en,,,fig1_method_job_shop:005,csf-fig1_method_job_shop-tick-005,tick,$\mathdefault{40}$,"page-points, origin = BOTTOM-LEFT of the exported page; page = matplotlib tight bbox of the figure + savefig.pad_inches (0.05 in) per side (the page matplotlib actually writes for bbox_inches='tight'). center_x_pt/center_y_pt = centre of the rendered text bbox; anchor_x_pt/anchor_y_pt = matplotlib text anchor (equals the SVG/PDF text x/y only for va='baseline', otherwise it differs by the ascent/descent, a few pt); x_frac/y_frac = the centre as a 0-1 fraction of that page.",517.64,581.445,-3.62,321.641,0.1,322.625,7.44,9.12,-0.007,0.5532,,,,,,8.0,sans-serif,normal,normal,0.0,right,center_baseline,black,True,1,C:\Users\wzw\AppData\Local\Programs\MiKTeX\fonts\opentype\public\libertinus-fonts\LibertinusSans-Regular.otf
fig1_method_job_shop,en,,,fig1_method_job_shop:006,csf-fig1_method_job_shop-tick-006,tick,$\mathdefault{30}$,"page-points, origin = BOTTOM-LEFT of the exported page; page = matplotlib tight bbox of the figure + savefig.pad_inches (0.05 in) per side (the page matplotlib actually writes for bbox_inches='tight'). center_x_pt/center_y_pt = centre of the rendered text bbox; anchor_x_pt/anchor_y_pt = matplotlib text anchor (equals the SVG/PDF text x/y only for va='baseline', otherwise it differs by the ascent/descent, a few pt); x_frac/y_frac = the centre as a 0-1 fraction of that page.",517.64,581.445,-3.62,241.885,0.1,242.869,7.44,9.12,-0.007,0.416,,,,,,8.0,sans-serif,normal,normal,0.0,right,center_baseline,black,True,1,C:\Users\wzw\AppData\Local\Programs\MiKTeX\fonts\opentype\public\libertinus-fonts\LibertinusSans-Regular.otf
fig1_method_job_shop,en,,,fig1_method_job_shop:007,csf-fig1_method_job_shop-tick-007,tick,$\mathdefault{20}$,"page-points, origin = BOTTOM-LEFT of the exported page; page = matplotlib tight bbox of the figure + savefig.pad_inches (0.05 in) per side (the page matplotlib actually writes for bbox_inches='tight'). center_x_pt/center_y_pt = centre of the rendered text bbox; anchor_x_pt/anchor_y_pt = matplotlib text anchor (equals the SVG/PDF text x/y only for va='baseline', otherwise it differs by the ascent/descent, a few pt); x_frac/y_frac = the centre as a 0-1 fraction of that page.",517.64,581.445,-3.62,162.129,0.1,163.113,7.44,9.12,-0.007,0.2788,,,,,,8.0,sans-serif,normal,normal,0.0,right,center_baseline,black,True,1,C:\Users\wzw\AppData\Local\Programs\MiKTeX\fonts\opentype\public\libertinus-fonts\LibertinusSans-Regular.otf
fig1_method_job_shop,en,,,fig1_method_job_shop:008,csf-fig1_method_job_shop-tick-008,tick,$\mathdefault{10}$,"page-points, origin = BOTTOM-LEFT of the exported page; page = matplotlib tight bbox of the figure + savefig.pad_inches (0.05 in) per side (the page matplotlib actually writes for bbox_inches='tight'). center_x_pt/center_y_pt = centre of the rendered text bbox; anchor_x_pt/anchor_y_pt = matplotlib text anchor (equals the SVG/PDF text x/y only for va='baseline', otherwise it differs by the ascent/descent, a few pt); x_frac/y_frac = the centre as a 0-1 fraction of that page.",517.64,581.445,-3.62,82.372,0.1,83.356,7.44,9.12,-0.007,0.1417,,,,,,8.0,sans-serif,normal,normal,0.0,right,center_baseline,black,True,1,C:\Users\wzw\AppData\Local\Programs\MiKTeX\fonts\opentype\public\libertinus-fonts\LibertinusSans-Regular.otf
fig1_method_job_shop,en,,,fig1_method_job_shop:009,csf-fig1_method_job_shop-tick-009,tick,$\mathdefault{0}$,"page-points, origin = BOTTOM-LEFT of the exported page; page = matplotlib tight bbox of the figure + savefig.pad_inches (0.05 in) per side (the page matplotlib actually writes for bbox_inches='tight'). center_x_pt/center_y_pt = centre of the rendered text bbox; anchor_x_pt/anchor_y_pt = matplotlib text anchor (equals the SVG/PDF text x/y only for va='baseline', otherwise it differs by the ascent/descent, a few pt); x_frac/y_frac = the centre as a 0-1 fraction of that page.",517.64,581.445,-1.82,2.616,0.1,3.6,3.84,9.12,-0.0035,0.0045,,,,,,8.0,sans-serif,normal,normal,0.0,right,center_baseline,black,True,1,C:\Users\wzw\AppData\Local\Programs\MiKTeX\fonts\opentype\public\libertinus-fonts\LibertinusSans-Regular.otf
fig1_method_job_shop,en,,,fig1_method_job_shop:010,csf-fig1_method_job_shop-tick-010,tick,$\mathdefault{0}$,"page-points, origin = BOTTOM-LEFT of the exported page; page = matplotlib tight bbox of the figure + savefig.pad_inches (0.05 in) per side (the page matplotlib actually writes for bbox_inches='tight'). center_x_pt/center_y_pt = centre of the rendered text bbox; anchor_x_pt/anchor_y_pt = matplotlib text anchor (equals the SVG/PDF text x/y only for va='baseline', otherwise it differs by the ascent/descent, a few pt); x_frac/y_frac = the centre as a 0-1 fraction of that page.",517.64,581.445,3.6,-4.46,3.6,0.1,3.84,9.12,0.007,-0.0077,,,,,,8.0,sans-serif,normal,normal,0.0,center,top,black,True,1,C:\Users\wzw\AppData\Local\Programs\MiKTeX\fonts\opentype\public\libertinus-fonts\LibertinusSans-Regular.otf
fig1_method_job_shop,en,,,fig1_method_job_shop:011,csf-fig1_method_job_shop-tick-011,tick,$\mathdefault{10}$,"page-points, origin = BOTTOM-LEFT of the exported page; page = matplotlib tight bbox of the figure + savefig.pad_inches (0.05 in) per side (the page matplotlib actually writes for bbox_inches='tight'). center_x_pt/center_y_pt = centre of the rendered text bbox; anchor_x_pt/anchor_y_pt = matplotlib text anchor (equals the SVG/PDF text x/y only for va='baseline', otherwise it differs by the ascent/descent, a few pt); x_frac/y_frac = the centre as a 0-1 fraction of that page.",517.64,581.445,83.356,-4.46,83.356,0.1,7.44,9.12,0.161,-0.0077,,,,,,8.0,sans-serif,normal,normal,0.0,center,top,black,True,1,C:\Users\wzw\AppData\Local\Programs\MiKTeX\fonts\opentype\public\libertinus-fonts\LibertinusSans-Regular.otf
fig1_method_job_shop,en,,,fig1_method_job_shop:012,csf-fig1_method_job_shop-tick-012,tick,$\mathdefault{20}$,"page-points, origin = BOTTOM-LEFT of the exported page; page = matplotlib tight bbox of the figure + savefig.pad_inches (0.05 in) per side (the page matplotlib actually writes for bbox_inches='tight'). center_x_pt/center_y_pt = centre of the rendered text bbox; anchor_x_pt/anchor_y_pt = matplotlib text anchor (equals the SVG/PDF text x/y only for va='baseline', otherwise it differs by the ascent/descent, a few pt); x_frac/y_frac = the centre as a 0-1 fraction of that page.",517.64,581.445,163.113,-4.46,163.113,0.1,7.44,9.12,0.3151,-0.0077,,,,,,8.0,sans-serif,normal,normal,0.0,center,top,black,True,1,C:\Users\wzw\AppData\Local\Programs\MiKTeX\fonts\opentype\public\libertinus-fonts\LibertinusSans-Regular.otf
fig1_method_job_shop,en,,,fig1_method_job_shop:013,csf-fig1_method_job_shop-tick-013,tick,$\mathdefault{30}$,"page-points, origin = BOTTOM-LEFT of the exported page; page = matplotlib tight bbox of the figure + savefig.pad_inches (0.05 in) per side (the page matplotlib actually writes for bbox_inches='tight'). center_x_pt/center_y_pt = centre of the rendered text bbox; anchor_x_pt/anchor_y_pt = matplotlib text anchor (equals the SVG/PDF text x/y only for va='baseline', otherwise it differs by the ascent/descent, a few pt); x_frac/y_frac = the centre as a 0-1 fraction of that page.",517.64,581.445,242.869,-4.46,242.869,0.1,7.44,9.12,0.4692,-0.0077,,,,,,8.0,sans-serif,normal,normal,0.0,center,top,black,True,1,C:\Users\wzw\AppData\Local\Programs\MiKTeX\fonts\opentype\public\libertinus-fonts\LibertinusSans-Regular.otf
fig1_method_job_shop,en,,,fig1_method_job_shop:014,csf-fig1_method_job_shop-tick-014,tick,$\mathdefault{40}$,"page-points, origin = BOTTOM-LEFT of the exported page; page = matplotlib tight bbox of the figure + savefig.pad_inches (0.05 in) per side (the page matplotlib actually writes for bbox_inches='tight'). center_x_pt/center_y_pt = centre of the rendered text bbox; anchor_x_pt/anchor_y_pt = matplotlib text anchor (equals the SVG/PDF text x/y only for va='baseline', otherwise it differs by the ascent/descent, a few pt); x_frac/y_frac = the centre as a 0-1 fraction of that page.",517.64,581.445,322.625,-4.46,322.625,0.1,7.44,9.12,0.6233,-0.0077,,,,,,8.0,sans-serif,normal,normal,0.0,center,top,black,True,1,C:\Users\wzw\AppData\Local\Programs\MiKTeX\fonts\opentype\public\libertinus-fonts\LibertinusSans-Regular.otf
fig1_method_job_shop,en,,,fig1_method_job_shop:015,csf-fig1_method_job_shop-tick-015,tick,$\mathdefault{50}$,"page-points, origin = BOTTOM-LEFT of the exported page; page = matplotlib tight bbox of the figure + savefig.pad_inches (0.05 in) per side (the page matplotlib actually writes for bbox_inches='tight'). center_x_pt/center_y_pt = centre of the rendered text bbox; anchor_x_pt/anchor_y_pt = matplotlib text anchor (equals the SVG/PDF text x/y only for va='baseline', otherwise it differs by the ascent/descent, a few pt); x_frac/y_frac = the centre as a 0-1 fraction of that page.",517.64,581.445,402.381,-4.46,402.381,0.1,7.44,9.12,0.7773,-0.0077,,,,,,8.0,sans-serif,normal,normal,0.0,center,top,black,True,1,C:\Users\wzw\AppData\Local\Programs\MiKTeX\fonts\opentype\public\libertinus-fonts\LibertinusSans-Regular.otf
fig1_method_job_shop,en,,,fig1_method_job_shop:016,csf-fig1_method_job_shop-tick-016,tick,$\mathdefault{60}$,"page-points, origin = BOTTOM-LEFT of the exported page; page = matplotlib tight bbox of the figure + savefig.pad_inches (0.05 in) per side (the page matplotlib actually writes for bbox_inches='tight'). center_x_pt/center_y_pt = centre of the rendered text bbox; anchor_x_pt/anchor_y_pt = matplotlib text anchor (equals the SVG/PDF text x/y only for va='baseline', otherwise it differs by the ascent/descent, a few pt); x_frac/y_frac = the centre as a 0-1 fraction of that page.",517.64,581.445,482.138,-4.46,482.138,0.1,7.44,9.12,0.9314,-0.0077,,,,,,8.0,sans-serif,normal,normal,0.0,center,top,black,True,1,C:\Users\wzw\AppData\Local\Programs\MiKTeX\fonts\opentype\public\libertinus-fonts\LibertinusSans-Regular.otf
fig1_method_job_shop,en,,,fig1_method_job_shop:017,csf-fig1_method_job_shop-tick-017,tick,$\mathdefault{70}$,"page-points, origin = BOTTOM-LEFT of the exported page; page = matplotlib tight bbox of the figure + savefig.pad_inches (0.05 in) per side (the page matplotlib actually writes for bbox_inches='tight'). center_x_pt/center_y_pt = centre of the rendered text bbox; anchor_x_pt/anchor_y_pt = matplotlib text anchor (equals the SVG/PDF text x/y only for va='baseline', otherwise it differs by the ascent/descent, a few pt); x_frac/y_frac = the centre as a 0-1 fraction of that page.",517.64,581.445,561.894,-4.46,561.894,0.1,7.44,9.12,1.0855,-0.0077,,,,,,8.0,sans-serif,normal,normal,0.0,center,top,black,True,1,C:\Users\wzw\AppData\Local\Programs\MiKTeX\fonts\opentype\public\libertinus-fonts\LibertinusSans-Regular.otf
fig1_method_job_shop,en,,,fig1_method_job_shop:018,csf-fig1_method_job_shop-legend-018,legend,Data flow,"page-points, origin = BOTTOM-LEFT of the exported page; page = matplotlib tight bbox of the figure + savefig.pad_inches (0.05 in) per side (the page matplotlib actually writes for bbox_inches='tight'). center_x_pt/center_y_pt = centre of the rendered text bbox; anchor_x_pt/anchor_y_pt = matplotlib text anchor (equals the SVG/PDF text x/y only for va='baseline', otherwise it differs by the ascent/descent, a few pt); x_frac/y_frac = the centre as a 0-1 fraction of that page.",517.64,581.445,312.834,78.571,298.698,78.571,28.271,7.98,0.6043,0.1351,ax0,0.5781,0.1306,37.0,9.4,7.0,sans-serif,normal,normal,0.0,left,center,#4D4D4D,False,1,C:\Users\wzw\AppData\Local\Programs\MiKTeX\fonts\opentype\public\libertinus-fonts\LibertinusSans-Regular.otf
fig1_method_job_shop,en,,,fig1_method_job_shop:019,csf-fig1_method_job_shop-legend-019,legend,Feedback loop,"page-points, origin = BOTTOM-LEFT of the exported page; page = matplotlib tight bbox of the figure + savefig.pad_inches (0.05 in) per side (the page matplotlib actually writes for bbox_inches='tight'). center_x_pt/center_y_pt = centre of the rendered text bbox; anchor_x_pt/anchor_y_pt = matplotlib text anchor (equals the SVG/PDF text x/y only for va='baseline', otherwise it differs by the ascent/descent, a few pt); x_frac/y_frac = the centre as a 0-1 fraction of that page.",517.64,581.445,319.411,54.644,298.698,54.644,41.426,7.98,0.6171,0.094,ax0,0.5781,0.0889,37.0,6.4,7.0,sans-serif,normal,normal,0.0,left,center,#D62728,False,1,C:\Users\wzw\AppData\Local\Programs\MiKTeX\fonts\opentype\public\libertinus-fonts\LibertinusSans-Regular.otf
fig1_method_job_shop,en,,,fig1_method_job_shop:020,csf-fig1_method_job_shop-node-020,node,"Job set
Operations / due dates","page-points, origin = BOTTOM-LEFT of the exported page; page = matplotlib tight bbox of the figure + savefig.pad_inches (0.05 in) per side (the page matplotlib actually writes for bbox_inches='tight'). center_x_pt/center_y_pt = centre of the rendered text bbox; anchor_x_pt/anchor_y_pt = matplotlib text anchor (equals the SVG/PDF text x/y only for va='baseline', otherwise it differs by the ascent/descent, a few pt); x_frac/y_frac = the centre as a 0-1 fraction of that page.",517.64,581.445,123.234,510.052,123.234,510.052,79.98,33.915,0.2381,0.8772,ax0,0.2344,0.8819,15.0,63.5,8.5,sans-serif,normal,normal,0.0,center,center,#1A1A1A,False,2,C:\Users\wzw\AppData\Local\Programs\MiKTeX\fonts\opentype\public\libertinus-fonts\LibertinusSans-Regular.otf
fig1_method_job_shop,en,,,fig1_method_job_shop:021,csf-fig1_method_job_shop-node-021,node,"Process routes
Precedence constraints","page-points, origin = BOTTOM-LEFT of the exported page; page = matplotlib tight bbox of the figure + savefig.pad_inches (0.05 in) per side (the page matplotlib actually writes for bbox_inches='tight'). center_x_pt/center_y_pt = centre of the rendered text bbox; anchor_x_pt/anchor_y_pt = matplotlib text anchor (equals the SVG/PDF text x/y only for va='baseline', otherwise it differs by the ascent/descent, a few pt); x_frac/y_frac = the centre as a 0-1 fraction of that page.",517.64,581.445,274.771,510.052,274.771,510.052,80.693,33.915,0.5308,0.8772,ax0,0.5312,0.8819,34.0,63.5,8.5,sans-serif,normal,normal,0.0,center,center,#1A1A1A,False,2,C:\Users\wzw\AppData\Local\Programs\MiKTeX\fonts\opentype\public\libertinus-fonts\LibertinusSans-Regular.otf
fig1_method_job_shop,en,,,fig1_method_job_shop:022,csf-fig1_method_job_shop-node-022,node,"Ready queue
Releasable operations","page-points, origin = BOTTOM-LEFT of the exported page; page = matplotlib tight bbox of the figure + savefig.pad_inches (0.05 in) per side (the page matplotlib actually writes for bbox_inches='tight'). center_x_pt/center_y_pt = centre of the rendered text bbox; anchor_x_pt/anchor_y_pt = matplotlib text anchor (equals the SVG/PDF text x/y only for va='baseline', otherwise it differs by the ascent/descent, a few pt); x_frac/y_frac = the centre as a 0-1 fraction of that page.",517.64,581.445,426.308,510.052,426.308,510.052,76.14,33.915,0.8236,0.8772,ax0,0.8281,0.8819,53.0,63.5,8.5,sans-serif,normal,normal,0.0,center,center,#1A1A1A,False,2,C:\Users\wzw\AppData\Local\Programs\MiKTeX\fonts\opentype\public\libertinus-fonts\LibertinusSans-Regular.otf
fig1_method_job_shop,en,,,fig1_method_job_shop:023,csf-fig1_method_job_shop-node-023,node,"Machine pool
Count / capability","page-points, origin = BOTTOM-LEFT of the exported page; page = matplotlib tight bbox of the figure + savefig.pad_inches (0.05 in) per side (the page matplotlib actually writes for bbox_inches='tight'). center_x_pt/center_y_pt = centre of the rendered text bbox; anchor_x_pt/anchor_y_pt = matplotlib text anchor (equals the SVG/PDF text x/y only for va='baseline', otherwise it differs by the ascent/descent, a few pt); x_frac/y_frac = the centre as a 0-1 fraction of that page.",517.64,581.445,123.234,382.442,123.234,382.442,63.36,33.915,0.2381,0.6577,ax0,0.2344,0.6597,15.0,47.5,8.5,sans-serif,normal,normal,0.0,center,center,#1A1A1A,False,2,C:\Users\wzw\AppData\Local\Programs\MiKTeX\fonts\opentype\public\libertinus-fonts\LibertinusSans-Regular.otf
fig1_method_job_shop,en,,,fig1_method_job_shop:024,csf-fig1_method_job_shop-node-024,node,"Setup and changeover
$s_{ij}$ setup time","page-points, origin = BOTTOM-LEFT of the exported page; page = matplotlib tight bbox of the figure + savefig.pad_inches (0.05 in) per side (the page matplotlib actually writes for bbox_inches='tight'). center_x_pt/center_y_pt = centre of the rendered text bbox; anchor_x_pt/anchor_y_pt = matplotlib text anchor (equals the SVG/PDF text x/y only for va='baseline', otherwise it differs by the ascent/descent, a few pt); x_frac/y_frac = the centre as a 0-1 fraction of that page.",517.64,581.445,274.771,382.442,274.771,382.442,77.692,33.915,0.5308,0.6577,ax0,0.5312,0.6597,34.0,47.5,8.5,sans-serif,normal,normal,0.0,center,center,#1A1A1A,True,2,C:\Users\wzw\AppData\Local\Programs\MiKTeX\fonts\opentype\public\libertinus-fonts\LibertinusSans-Regular.otf
fig1_method_job_shop,en,,,fig1_method_job_shop:025,csf-fig1_method_job_shop-node-025,node,"Failure and repair
MTBF / MTTR","page-points, origin = BOTTOM-LEFT of the exported page; page = matplotlib tight bbox of the figure + savefig.pad_inches (0.05 in) per side (the page matplotlib actually writes for bbox_inches='tight'). center_x_pt/center_y_pt = centre of the rendered text bbox; anchor_x_pt/anchor_y_pt = matplotlib text anchor (equals the SVG/PDF text x/y only for va='baseline', otherwise it differs by the ascent/descent, a few pt); x_frac/y_frac = the centre as a 0-1 fraction of that page.",517.64,581.445,426.308,382.442,426.308,382.442,62.505,33.915,0.8236,0.6577,ax0,0.8281,0.6597,53.0,47.5,8.5,sans-serif,normal,normal,0.0,center,center,#1A1A1A,False,2,C:\Users\wzw\AppData\Local\Programs\MiKTeX\fonts\opentype\public\libertinus-fonts\LibertinusSans-Regular.otf
fig1_method_job_shop,en,,,fig1_method_job_shop:026,csf-fig1_method_job_shop-node-026,node,"Dispatching baseline
SPT / EDD / CR","page-points, origin = BOTTOM-LEFT of the exported page; page = matplotlib tight bbox of the figure + savefig.pad_inches (0.05 in) per side (the page matplotlib actually writes for bbox_inches='tight'). center_x_pt/center_y_pt = centre of the rendered text bbox; anchor_x_pt/anchor_y_pt = matplotlib text anchor (equals the SVG/PDF text x/y only for va='baseline', otherwise it differs by the ascent/descent, a few pt); x_frac/y_frac = the centre as a 0-1 fraction of that page.",517.64,581.445,123.234,254.832,123.234,254.832,72.72,33.915,0.2381,0.4383,ax0,0.2344,0.4375,15.0,31.5,8.5,sans-serif,normal,normal,0.0,center,center,#1A1A1A,False,2,C:\Users\wzw\AppData\Local\Programs\MiKTeX\fonts\opentype\public\libertinus-fonts\LibertinusSans-Regular.otf
fig1_method_job_shop,en,,,fig1_method_job_shop:027,csf-fig1_method_job_shop-node-027,node,"Scheduling criterion
$\min\{\text{makespan},\ \sum T_j\}$","page-points, origin = BOTTOM-LEFT of the exported page; page = matplotlib tight bbox of the figure + savefig.pad_inches (0.05 in) per side (the page matplotlib actually writes for bbox_inches='tight'). center_x_pt/center_y_pt = centre of the rendered text bbox; anchor_x_pt/anchor_y_pt = matplotlib text anchor (equals the SVG/PDF text x/y only for va='baseline', otherwise it differs by the ascent/descent, a few pt); x_frac/y_frac = the centre as a 0-1 fraction of that page.",517.64,581.445,274.771,254.832,274.771,254.832,94.56,33.915,0.5308,0.4383,ax0,0.5312,0.4375,34.0,31.5,8.5,sans-serif,normal,normal,0.0,center,center,#1A1A1A,True,2,C:\Users\wzw\AppData\Local\Programs\MiKTeX\fonts\opentype\public\libertinus-fonts\LibertinusSans-Regular.otf
fig1_method_job_shop,en,,,fig1_method_job_shop:028,csf-fig1_method_job_shop-node-028,node,"Scheduling decision
Rules / metaheuristics / DRL","page-points, origin = BOTTOM-LEFT of the exported page; page = matplotlib tight bbox of the figure + savefig.pad_inches (0.05 in) per side (the page matplotlib actually writes for bbox_inches='tight'). center_x_pt/center_y_pt = centre of the rendered text bbox; anchor_x_pt/anchor_y_pt = matplotlib text anchor (equals the SVG/PDF text x/y only for va='baseline', otherwise it differs by the ascent/descent, a few pt); x_frac/y_frac = the centre as a 0-1 fraction of that page.",517.64,581.445,426.308,254.832,426.308,254.832,99.6,33.915,0.8236,0.4383,ax0,0.8281,0.4375,53.0,31.5,8.5,sans-serif,normal,normal,0.0,center,center,#1A1A1A,False,2,C:\Users\wzw\AppData\Local\Programs\MiKTeX\fonts\opentype\public\libertinus-fonts\LibertinusSans-Regular.otf
fig1_method_job_shop,en,,,fig1_method_job_shop:029,csf-fig1_method_job_shop-node-029,node,"Schedule metrics
Makespan, tardiness, utilization","page-points, origin = BOTTOM-LEFT of the exported page; page = matplotlib tight bbox of the figure + savefig.pad_inches (0.05 in) per side (the page matplotlib actually writes for bbox_inches='tight'). center_x_pt/center_y_pt = centre of the rendered text bbox; anchor_x_pt/anchor_y_pt = matplotlib text anchor (equals the SVG/PDF text x/y only for va='baseline', otherwise it differs by the ascent/descent, a few pt); x_frac/y_frac = the centre as a 0-1 fraction of that page.",517.64,581.445,123.234,127.222,123.234,127.222,111.773,33.915,0.2381,0.2188,ax0,0.2344,0.2153,15.0,15.5,8.5,sans-serif,normal,normal,0.0,center,center,#1A1A1A,False,2,C:\Users\wzw\AppData\Local\Programs\MiKTeX\fonts\opentype\public\libertinus-fonts\LibertinusSans-Regular.otf
fig1_method_job_shop,en,,,fig1_method_job_shop:030,csf-fig1_method_job_shop-node-030,node,"Gantt and bottlenecks
Critical path identification","page-points, origin = BOTTOM-LEFT of the exported page; page = matplotlib tight bbox of the figure + savefig.pad_inches (0.05 in) per side (the page matplotlib actually writes for bbox_inches='tight'). center_x_pt/center_y_pt = centre of the rendered text bbox; anchor_x_pt/anchor_y_pt = matplotlib text anchor (equals the SVG/PDF text x/y only for va='baseline', otherwise it differs by the ascent/descent, a few pt); x_frac/y_frac = the centre as a 0-1 fraction of that page.",517.64,581.445,274.771,127.222,274.771,127.222,92.88,33.915,0.5308,0.2188,ax0,0.5312,0.2153,34.0,15.5,8.5,sans-serif,normal,normal,0.0,center,center,#1A1A1A,False,2,C:\Users\wzw\AppData\Local\Programs\MiKTeX\fonts\opentype\public\libertinus-fonts\LibertinusSans-Regular.otf
fig1_method_job_shop,en,,,fig1_method_job_shop:031,csf-fig1_method_job_shop-lane-label-031,lane-label,Job flow,"page-points, origin = BOTTOM-LEFT of the exported page; page = matplotlib tight bbox of the figure + savefig.pad_inches (0.05 in) per side (the page matplotlib actually writes for bbox_inches='tight'). center_x_pt/center_y_pt = centre of the rendered text bbox; anchor_x_pt/anchor_y_pt = matplotlib text anchor (equals the SVG/PDF text x/y only for va='baseline', otherwise it differs by the ascent/descent, a few pt); x_frac/y_frac = the centre as a 0-1 fraction of that page.",517.64,581.445,31.515,510.052,31.515,510.052,9.12,27.064,0.0609,0.8772,ax0,0.0547,0.8819,3.5,63.5,8.0,sans-serif,normal,normal,90.0,center,center,#7F7F7F,False,1,C:\Users\wzw\AppData\Local\Programs\MiKTeX\fonts\opentype\public\libertinus-fonts\LibertinusSans-Regular.otf
fig1_method_job_shop,en,,,fig1_method_job_shop:032,csf-fig1_method_job_shop-lane-label-032,lane-label,Resources,"page-points, origin = BOTTOM-LEFT of the exported page; page = matplotlib tight bbox of the figure + savefig.pad_inches (0.05 in) per side (the page matplotlib actually writes for bbox_inches='tight'). center_x_pt/center_y_pt = centre of the rendered text bbox; anchor_x_pt/anchor_y_pt = matplotlib text anchor (equals the SVG/PDF text x/y only for va='baseline', otherwise it differs by the ascent/descent, a few pt); x_frac/y_frac = the centre as a 0-1 fraction of that page.",517.64,581.445,31.515,382.442,31.515,382.442,9.12,32.816,0.0609,0.6577,ax0,0.0547,0.6597,3.5,47.5,8.0,sans-serif,normal,normal,90.0,center,center,#7F7F7F,False,1,C:\Users\wzw\AppData\Local\Programs\MiKTeX\fonts\opentype\public\libertinus-fonts\LibertinusSans-Regular.otf
fig1_method_job_shop,en,,,fig1_method_job_shop:033,csf-fig1_method_job_shop-lane-label-033,lane-label,Scheduling,"page-points, origin = BOTTOM-LEFT of the exported page; page = matplotlib tight bbox of the figure + savefig.pad_inches (0.05 in) per side (the page matplotlib actually writes for bbox_inches='tight'). center_x_pt/center_y_pt = centre of the rendered text bbox; anchor_x_pt/anchor_y_pt = matplotlib text anchor (equals the SVG/PDF text x/y only for va='baseline', otherwise it differs by the ascent/descent, a few pt); x_frac/y_frac = the centre as a 0-1 fraction of that page.",517.64,581.445,31.515,254.832,31.515,254.832,9.12,36.536,0.0609,0.4383,ax0,0.0547,0.4375,3.5,31.5,8.0,sans-serif,normal,normal,90.0,center,center,#7F7F7F,False,1,C:\Users\wzw\AppData\Local\Programs\MiKTeX\fonts\opentype\public\libertinus-fonts\LibertinusSans-Regular.otf
fig1_method_job_shop,en,,,fig1_method_job_shop:034,csf-fig1_method_job_shop-lane-label-034,lane-label,Evaluation,"page-points, origin = BOTTOM-LEFT of the exported page; page = matplotlib tight bbox of the figure + savefig.pad_inches (0.05 in) per side (the page matplotlib actually writes for bbox_inches='tight'). center_x_pt/center_y_pt = centre of the rendered text bbox; anchor_x_pt/anchor_y_pt = matplotlib text anchor (equals the SVG/PDF text x/y only for va='baseline', otherwise it differs by the ascent/descent, a few pt); x_frac/y_frac = the centre as a 0-1 fraction of that page.",517.64,581.445,31.515,127.222,31.515,127.222,9.12,35.04,0.0609,0.2188,ax0,0.0547,0.2153,3.5,15.5,8.0,sans-serif,normal,normal,90.0,center,center,#7F7F7F,False,1,C:\Users\wzw\AppData\Local\Programs\MiKTeX\fonts\opentype\public\libertinus-fonts\LibertinusSans-Regular.otf
fig1_method_job_shop,en,,,fig1_method_job_shop:035,csf-fig1_method_job_shop-annotation-035,annotation,routing,"page-points, origin = BOTTOM-LEFT of the exported page; page = matplotlib tight bbox of the figure + savefig.pad_inches (0.05 in) per side (the page matplotlib actually writes for bbox_inches='tight'). center_x_pt/center_y_pt = centre of the rendered text bbox; anchor_x_pt/anchor_y_pt = matplotlib text anchor (equals the SVG/PDF text x/y only for va='baseline', otherwise it differs by the ascent/descent, a few pt); x_frac/y_frac = the centre as a 0-1 fraction of that page.",517.64,581.445,199.003,510.052,199.003,510.052,21.784,8.094,0.3844,0.8772,ax0,0.3828,0.8819,24.5,63.5,7.1,sans-serif,normal,normal,0.0,center,center,#1A1A1A,False,1,C:\Users\wzw\AppData\Local\Programs\MiKTeX\fonts\opentype\public\libertinus-fonts\LibertinusSans-Regular.otf
fig1_method_job_shop,en,,,fig1_method_job_shop:036,csf-fig1_method_job_shop-annotation-036,annotation,release,"page-points, origin = BOTTOM-LEFT of the exported page; page = matplotlib tight bbox of the figure + savefig.pad_inches (0.05 in) per side (the page matplotlib actually writes for bbox_inches='tight'). center_x_pt/center_y_pt = centre of the rendered text bbox; anchor_x_pt/anchor_y_pt = matplotlib text anchor (equals the SVG/PDF text x/y only for va='baseline', otherwise it differs by the ascent/descent, a few pt); x_frac/y_frac = the centre as a 0-1 fraction of that page.",517.64,581.445,350.54,510.052,350.54,510.052,19.864,8.094,0.6772,0.8772,ax0,0.6797,0.8819,43.5,63.5,7.1,sans-serif,normal,normal,0.0,center,center,#1A1A1A,False,1,C:\Users\wzw\AppData\Local\Programs\MiKTeX\fonts\opentype\public\libertinus-fonts\LibertinusSans-Regular.otf
fig1_method_job_shop,en,,,fig1_method_job_shop:037,csf-fig1_method_job_shop-annotation-037,annotation,changeover,"page-points, origin = BOTTOM-LEFT of the exported page; page = matplotlib tight bbox of the figure + savefig.pad_inches (0.05 in) per side (the page matplotlib actually writes for bbox_inches='tight'). center_x_pt/center_y_pt = centre of the rendered text bbox; anchor_x_pt/anchor_y_pt = matplotlib text anchor (equals the SVG/PDF text x/y only for va='baseline', otherwise it differs by the ascent/descent, a few pt); x_frac/y_frac = the centre as a 0-1 fraction of that page.",517.64,581.445,199.003,382.442,199.003,382.442,33.544,8.094,0.3844,0.6577,ax0,0.3828,0.6597,24.5,47.5,7.1,sans-serif,normal,normal,0.0,center,center,#1A1A1A,False,1,C:\Users\wzw\AppData\Local\Programs\MiKTeX\fonts\opentype\public\libertinus-fonts\LibertinusSans-Regular.otf
fig1_method_job_shop,en,,,fig1_method_job_shop:038,csf-fig1_method_job_shop-annotation-038,annotation,ready set,"page-points, origin = BOTTOM-LEFT of the exported page; page = matplotlib tight bbox of the figure + savefig.pad_inches (0.05 in) per side (the page matplotlib actually writes for bbox_inches='tight'). center_x_pt/center_y_pt = centre of the rendered text bbox; anchor_x_pt/anchor_y_pt = matplotlib text anchor (equals the SVG/PDF text x/y only for va='baseline', otherwise it differs by the ascent/descent, a few pt); x_frac/y_frac = the centre as a 0-1 fraction of that page.",517.64,581.445,199.003,382.442,199.003,382.442,26.584,8.094,0.3844,0.6577,ax0,0.3828,0.6597,24.5,47.5,7.1,sans-serif,normal,normal,0.0,center,center,#1A1A1A,False,1,C:\Users\wzw\AppData\Local\Programs\MiKTeX\fonts\opentype\public\libertinus-fonts\LibertinusSans-Regular.otf
fig1_method_job_shop,en,,,fig1_method_job_shop:039,csf-fig1_method_job_shop-annotation-039,annotation,disturbance,"page-points, origin = BOTTOM-LEFT of the exported page; page = matplotlib tight bbox of the figure + savefig.pad_inches (0.05 in) per side (the page matplotlib actually writes for bbox_inches='tight'). center_x_pt/center_y_pt = centre of the rendered text bbox; anchor_x_pt/anchor_y_pt = matplotlib text anchor (equals the SVG/PDF text x/y only for va='baseline', otherwise it differs by the ascent/descent, a few pt); x_frac/y_frac = the centre as a 0-1 fraction of that page.",517.64,581.445,350.54,382.442,350.54,382.442,34.56,8.094,0.6772,0.6577,ax0,0.6797,0.6597,43.5,47.5,7.1,sans-serif,normal,normal,0.0,center,center,#1A1A1A,False,1,C:\Users\wzw\AppData\Local\Programs\MiKTeX\fonts\opentype\public\libertinus-fonts\LibertinusSans-Regular.otf
fig1_method_job_shop,en,,,fig1_method_job_shop:040,csf-fig1_method_job_shop-annotation-040,annotation,available machines,"page-points, origin = BOTTOM-LEFT of the exported page; page = matplotlib tight bbox of the figure + savefig.pad_inches (0.05 in) per side (the page matplotlib actually writes for bbox_inches='tight'). center_x_pt/center_y_pt = centre of the rendered text bbox; anchor_x_pt/anchor_y_pt = matplotlib text anchor (equals the SVG/PDF text x/y only for va='baseline', otherwise it differs by the ascent/descent, a few pt); x_frac/y_frac = the centre as a 0-1 fraction of that page.",517.64,581.445,199.003,318.637,199.003,318.637,54.96,8.094,0.3844,0.548,ax0,0.3828,0.5486,24.5,39.5,7.1,sans-serif,normal,normal,0.0,center,center,#1A1A1A,False,1,C:\Users\wzw\AppData\Local\Programs\MiKTeX\fonts\opentype\public\libertinus-fonts\LibertinusSans-Regular.otf
fig1_method_job_shop,en,,,fig1_method_job_shop:041,csf-fig1_method_job_shop-annotation-041,annotation,disturbance return,"page-points, origin = BOTTOM-LEFT of the exported page; page = matplotlib tight bbox of the figure + savefig.pad_inches (0.05 in) per side (the page matplotlib actually writes for bbox_inches='tight'). center_x_pt/center_y_pt = centre of the rendered text bbox; anchor_x_pt/anchor_y_pt = matplotlib text anchor (equals the SVG/PDF text x/y only for va='baseline', otherwise it differs by the ascent/descent, a few pt); x_frac/y_frac = the centre as a 0-1 fraction of that page.",517.64,581.445,426.308,318.637,426.308,318.637,54.664,8.094,0.8236,0.548,ax0,0.8281,0.5486,53.0,39.5,7.1,sans-serif,normal,normal,0.0,center,center,#1A1A1A,False,1,C:\Users\wzw\AppData\Local\Programs\MiKTeX\fonts\opentype\public\libertinus-fonts\LibertinusSans-Regular.otf
fig1_method_job_shop,en,,,fig1_method_job_shop:042,csf-fig1_method_job_shop-annotation-042,annotation,candidates,"page-points, origin = BOTTOM-LEFT of the exported page; page = matplotlib tight bbox of the figure + savefig.pad_inches (0.05 in) per side (the page matplotlib actually writes for bbox_inches='tight'). center_x_pt/center_y_pt = centre of the rendered text bbox; anchor_x_pt/anchor_y_pt = matplotlib text anchor (equals the SVG/PDF text x/y only for va='baseline', otherwise it differs by the ascent/descent, a few pt); x_frac/y_frac = the centre as a 0-1 fraction of that page.",517.64,581.445,199.003,254.832,199.003,254.832,31.68,8.094,0.3844,0.4383,ax0,0.3828,0.4375,24.5,31.5,7.1,sans-serif,normal,normal,0.0,center,center,#1A1A1A,False,1,C:\Users\wzw\AppData\Local\Programs\MiKTeX\fonts\opentype\public\libertinus-fonts\LibertinusSans-Regular.otf
fig1_method_job_shop,en,,,fig1_method_job_shop:043,csf-fig1_method_job_shop-annotation-043,annotation,objective,"page-points, origin = BOTTOM-LEFT of the exported page; page = matplotlib tight bbox of the figure + savefig.pad_inches (0.05 in) per side (the page matplotlib actually writes for bbox_inches='tight'). center_x_pt/center_y_pt = centre of the rendered text bbox; anchor_x_pt/anchor_y_pt = matplotlib text anchor (equals the SVG/PDF text x/y only for va='baseline', otherwise it differs by the ascent/descent, a few pt); x_frac/y_frac = the centre as a 0-1 fraction of that page.",517.64,581.445,350.54,254.832,350.54,254.832,26.152,8.094,0.6772,0.4383,ax0,0.6797,0.4375,43.5,31.5,7.1,sans-serif,normal,normal,0.0,center,center,#1A1A1A,False,1,C:\Users\wzw\AppData\Local\Programs\MiKTeX\fonts\opentype\public\libertinus-fonts\LibertinusSans-Regular.otf
fig1_method_job_shop,en,,,fig1_method_job_shop:044,csf-fig1_method_job_shop-annotation-044,annotation,bottleneck feedback,"page-points, origin = BOTTOM-LEFT of the exported page; page = matplotlib tight bbox of the figure + savefig.pad_inches (0.05 in) per side (the page matplotlib actually writes for bbox_inches='tight'). center_x_pt/center_y_pt = centre of the rendered text bbox; anchor_x_pt/anchor_y_pt = matplotlib text anchor (equals the SVG/PDF text x/y only for va='baseline', otherwise it differs by the ascent/descent, a few pt); x_frac/y_frac = the centre as a 0-1 fraction of that page.",517.64,581.445,199.003,191.027,199.003,191.027,58.297,8.094,0.3844,0.3285,ax0,0.3828,0.3264,24.5,23.5,7.1,sans-serif,normal,normal,0.0,center,center,#1A1A1A,False,1,C:\Users\wzw\AppData\Local\Programs\MiKTeX\fonts\opentype\public\libertinus-fonts\LibertinusSans-Regular.otf
fig1_method_job_shop,en,,,fig1_method_job_shop:045,csf-fig1_method_job_shop-annotation-045,annotation,schedule,"page-points, origin = BOTTOM-LEFT of the exported page; page = matplotlib tight bbox of the figure + savefig.pad_inches (0.05 in) per side (the page matplotlib actually writes for bbox_inches='tight'). center_x_pt/center_y_pt = centre of the rendered text bbox; anchor_x_pt/anchor_y_pt = matplotlib text anchor (equals the SVG/PDF text x/y only for va='baseline', otherwise it differs by the ascent/descent, a few pt); x_frac/y_frac = the centre as a 0-1 fraction of that page.",517.64,581.445,426.308,191.027,426.308,191.027,25.489,8.094,0.8236,0.3285,ax0,0.8281,0.3264,53.0,23.5,7.1,sans-serif,normal,normal,0.0,center,center,#1A1A1A,False,1,C:\Users\wzw\AppData\Local\Programs\MiKTeX\fonts\opentype\public\libertinus-fonts\LibertinusSans-Regular.otf
fig1_method_job_shop,en,,,fig1_method_job_shop:046,csf-fig1_method_job_shop-annotation-046,annotation,results,"page-points, origin = BOTTOM-LEFT of the exported page; page = matplotlib tight bbox of the figure + savefig.pad_inches (0.05 in) per side (the page matplotlib actually writes for bbox_inches='tight'). center_x_pt/center_y_pt = centre of the rendered text bbox; anchor_x_pt/anchor_y_pt = matplotlib text anchor (equals the SVG/PDF text x/y only for va='baseline', otherwise it differs by the ascent/descent, a few pt); x_frac/y_frac = the centre as a 0-1 fraction of that page.",517.64,581.445,199.003,127.222,199.003,127.222,19.384,8.094,0.3844,0.2188,ax0,0.3828,0.2153,24.5,15.5,7.1,sans-serif,normal,normal,0.0,center,center,#1A1A1A,False,1,C:\Users\wzw\AppData\Local\Programs\MiKTeX\fonts\opentype\public\libertinus-fonts\LibertinusSans-Regular.otf
fig1_method_supply_network,en,,,fig1_method_supply_network:001,csf-fig1_method_supply_network-tick-001,tick,$\mathdefault{80}$,"page-points, origin = BOTTOM-LEFT of the exported page; page = matplotlib tight bbox of the figure + savefig.pad_inches (0.05 in) per side (the page matplotlib actually writes for bbox_inches='tight'). center_x_pt/center_y_pt = centre of the rendered text bbox; anchor_x_pt/anchor_y_pt = matplotlib text anchor (equals the SVG/PDF text x/y only for va='baseline', otherwise it differs by the ascent/descent, a few pt); x_frac/y_frac = the centre as a 0-1 fraction of that page.",517.64,581.445,-3.62,640.666,0.1,641.65,7.44,9.12,-0.007,1.1019,,,,,,8.0,sans-serif,normal,normal,0.0,right,center_baseline,black,True,1,C:\Users\wzw\AppData\Local\Programs\MiKTeX\fonts\opentype\public\libertinus-fonts\LibertinusSans-Regular.otf
fig1_method_supply_network,en,,,fig1_method_supply_network:002,csf-fig1_method_supply_network-tick-002,tick,$\mathdefault{70}$,"page-points, origin = BOTTOM-LEFT of the exported page; page = matplotlib tight bbox of the figure + savefig.pad_inches (0.05 in) per side (the page matplotlib actually writes for bbox_inches='tight'). center_x_pt/center_y_pt = centre of the rendered text bbox; anchor_x_pt/anchor_y_pt = matplotlib text anchor (equals the SVG/PDF text x/y only for va='baseline', otherwise it differs by the ascent/descent, a few pt); x_frac/y_frac = the centre as a 0-1 fraction of that page.",517.64,581.445,-3.62,560.91,0.1,561.894,7.44,9.12,-0.007,0.9647,,,,,,8.0,sans-serif,normal,normal,0.0,right,center_baseline,black,True,1,C:\Users\wzw\AppData\Local\Programs\MiKTeX\fonts\opentype\public\libertinus-fonts\LibertinusSans-Regular.otf
fig1_method_supply_network,en,,,fig1_method_supply_network:003,csf-fig1_method_supply_network-tick-003,tick,$\mathdefault{60}$,"page-points, origin = BOTTOM-LEFT of the exported page; page = matplotlib tight bbox of the figure + savefig.pad_inches (0.05 in) per side (the page matplotlib actually writes for bbox_inches='tight'). center_x_pt/center_y_pt = centre of the rendered text bbox; anchor_x_pt/anchor_y_pt = matplotlib text anchor (equals the SVG/PDF text x/y only for va='baseline', otherwise it differs by the ascent/descent, a few pt); x_frac/y_frac = the centre as a 0-1 fraction of that page.",517.64,581.445,-3.62,481.154,0.1,482.138,7.44,9.12,-0.007,0.8275,,,,,,8.0,sans-serif,normal,normal,0.0,right,center_baseline,black,True,1,C:\Users\wzw\AppData\Local\Programs\MiKTeX\fonts\opentype\public\libertinus-fonts\LibertinusSans-Regular.otf
fig1_method_supply_network,en,,,fig1_method_supply_network:004,csf-fig1_method_supply_network-tick-004,tick,$\mathdefault{50}$,"page-points, origin = BOTTOM-LEFT of the exported page; page = matplotlib tight bbox of the figure + savefig.pad_inches (0.05 in) per side (the page matplotlib actually writes for bbox_inches='tight'). center_x_pt/center_y_pt = centre of the rendered text bbox; anchor_x_pt/anchor_y_pt = matplotlib text anchor (equals the SVG/PDF text x/y only for va='baseline', otherwise it differs by the ascent/descent, a few pt); x_frac/y_frac = the centre as a 0-1 fraction of that page.",517.64,581.445,-3.62,401.397,0.1,402.381,7.44,9.12,-0.007,0.6903,,,,,,8.0,sans-serif,normal,normal,0.0,right,center_baseline,black,True,1,C:\Users\wzw\AppData\Local\Programs\MiKTeX\fonts\opentype\public\libertinus-fonts\LibertinusSans-Regular.otf
fig1_method_supply_network,en,,,fig1_method_supply_network:005,csf-fig1_method_supply_network-tick-005,tick,$\mathdefault{40}$,"page-points, origin = BOTTOM-LEFT of the exported page; page = matplotlib tight bbox of the figure + savefig.pad_inches (0.05 in) per side (the page matplotlib actually writes for bbox_inches='tight'). center_x_pt/center_y_pt = centre of the rendered text bbox; anchor_x_pt/anchor_y_pt = matplotlib text anchor (equals the SVG/PDF text x/y only for va='baseline', otherwise it differs by the ascent/descent, a few pt); x_frac/y_frac = the centre as a 0-1 fraction of that page.",517.64,581.445,-3.62,321.641,0.1,322.625,7.44,9.12,-0.007,0.5532,,,,,,8.0,sans-serif,normal,normal,0.0,right,center_baseline,black,True,1,C:\Users\wzw\AppData\Local\Programs\MiKTeX\fonts\opentype\public\libertinus-fonts\LibertinusSans-Regular.otf
fig1_method_supply_network,en,,,fig1_method_supply_network:006,csf-fig1_method_supply_network-tick-006,tick,$\mathdefault{30}$,"page-points, origin = BOTTOM-LEFT of the exported page; page = matplotlib tight bbox of the figure + savefig.pad_inches (0.05 in) per side (the page matplotlib actually writes for bbox_inches='tight'). center_x_pt/center_y_pt = centre of the rendered text bbox; anchor_x_pt/anchor_y_pt = matplotlib text anchor (equals the SVG/PDF text x/y only for va='baseline', otherwise it differs by the ascent/descent, a few pt); x_frac/y_frac = the centre as a 0-1 fraction of that page.",517.64,581.445,-3.62,241.885,0.1,242.869,7.44,9.12,-0.007,0.416,,,,,,8.0,sans-serif,normal,normal,0.0,right,center_baseline,black,True,1,C:\Users\wzw\AppData\Local\Programs\MiKTeX\fonts\opentype\public\libertinus-fonts\LibertinusSans-Regular.otf
fig1_method_supply_network,en,,,fig1_method_supply_network:007,csf-fig1_method_supply_network-tick-007,tick,$\mathdefault{20}$,"page-points, origin = BOTTOM-LEFT of the exported page; page = matplotlib tight bbox of the figure + savefig.pad_inches (0.05 in) per side (the page matplotlib actually writes for bbox_inches='tight'). center_x_pt/center_y_pt = centre of the rendered text bbox; anchor_x_pt/anchor_y_pt = matplotlib text anchor (equals the SVG/PDF text x/y only for va='baseline', otherwise it differs by the ascent/descent, a few pt); x_frac/y_frac = the centre as a 0-1 fraction of that page.",517.64,581.445,-3.62,162.129,0.1,163.113,7.44,9.12,-0.007,0.2788,,,,,,8.0,sans-serif,normal,normal,0.0,right,center_baseline,black,True,1,C:\Users\wzw\AppData\Local\Programs\MiKTeX\fonts\opentype\public\libertinus-fonts\LibertinusSans-Regular.otf
fig1_method_supply_network,en,,,fig1_method_supply_network:008,csf-fig1_method_supply_network-tick-008,tick,$\mathdefault{10}$,"page-points, origin = BOTTOM-LEFT of the exported page; page = matplotlib tight bbox of the figure + savefig.pad_inches (0.05 in) per side (the page matplotlib actually writes for bbox_inches='tight'). center_x_pt/center_y_pt = centre of the rendered text bbox; anchor_x_pt/anchor_y_pt = matplotlib text anchor (equals the SVG/PDF text x/y only for va='baseline', otherwise it differs by the ascent/descent, a few pt); x_frac/y_frac = the centre as a 0-1 fraction of that page.",517.64,581.445,-3.62,82.372,0.1,83.356,7.44,9.12,-0.007,0.1417,,,,,,8.0,sans-serif,normal,normal,0.0,right,center_baseline,black,True,1,C:\Users\wzw\AppData\Local\Programs\MiKTeX\fonts\opentype\public\libertinus-fonts\LibertinusSans-Regular.otf
fig1_method_supply_network,en,,,fig1_method_supply_network:009,csf-fig1_method_supply_network-tick-009,tick,$\mathdefault{0}$,"page-points, origin = BOTTOM-LEFT of the exported page; page = matplotlib tight bbox of the figure + savefig.pad_inches (0.05 in) per side (the page matplotlib actually writes for bbox_inches='tight'). center_x_pt/center_y_pt = centre of the rendered text bbox; anchor_x_pt/anchor_y_pt = matplotlib text anchor (equals the SVG/PDF text x/y only for va='baseline', otherwise it differs by the ascent/descent, a few pt); x_frac/y_frac = the centre as a 0-1 fraction of that page.",517.64,581.445,-1.82,2.616,0.1,3.6,3.84,9.12,-0.0035,0.0045,,,,,,8.0,sans-serif,normal,normal,0.0,right,center_baseline,black,True,1,C:\Users\wzw\AppData\Local\Programs\MiKTeX\fonts\opentype\public\libertinus-fonts\LibertinusSans-Regular.otf
fig1_method_supply_network,en,,,fig1_method_supply_network:010,csf-fig1_method_supply_network-tick-010,tick,$\mathdefault{0}$,"page-points, origin = BOTTOM-LEFT of the exported page; page = matplotlib tight bbox of the figure + savefig.pad_inches (0.05 in) per side (the page matplotlib actually writes for bbox_inches='tight'). center_x_pt/center_y_pt = centre of the rendered text bbox; anchor_x_pt/anchor_y_pt = matplotlib text anchor (equals the SVG/PDF text x/y only for va='baseline', otherwise it differs by the ascent/descent, a few pt); x_frac/y_frac = the centre as a 0-1 fraction of that page.",517.64,581.445,3.6,-4.46,3.6,0.1,3.84,9.12,0.007,-0.0077,,,,,,8.0,sans-serif,normal,normal,0.0,center,top,black,True,1,C:\Users\wzw\AppData\Local\Programs\MiKTeX\fonts\opentype\public\libertinus-fonts\LibertinusSans-Regular.otf
fig1_method_supply_network,en,,,fig1_method_supply_network:011,csf-fig1_method_supply_network-tick-011,tick,$\mathdefault{10}$,"page-points, origin = BOTTOM-LEFT of the exported page; page = matplotlib tight bbox of the figure + savefig.pad_inches (0.05 in) per side (the page matplotlib actually writes for bbox_inches='tight'). center_x_pt/center_y_pt = centre of the rendered text bbox; anchor_x_pt/anchor_y_pt = matplotlib text anchor (equals the SVG/PDF text x/y only for va='baseline', otherwise it differs by the ascent/descent, a few pt); x_frac/y_frac = the centre as a 0-1 fraction of that page.",517.64,581.445,83.356,-4.46,83.356,0.1,7.44,9.12,0.161,-0.0077,,,,,,8.0,sans-serif,normal,normal,0.0,center,top,black,True,1,C:\Users\wzw\AppData\Local\Programs\MiKTeX\fonts\opentype\public\libertinus-fonts\LibertinusSans-Regular.otf
fig1_method_supply_network,en,,,fig1_method_supply_network:012,csf-fig1_method_supply_network-tick-012,tick,$\mathdefault{20}$,"page-points, origin = BOTTOM-LEFT of the exported page; page = matplotlib tight bbox of the figure + savefig.pad_inches (0.05 in) per side (the page matplotlib actually writes for bbox_inches='tight'). center_x_pt/center_y_pt = centre of the rendered text bbox; anchor_x_pt/anchor_y_pt = matplotlib text anchor (equals the SVG/PDF text x/y only for va='baseline', otherwise it differs by the ascent/descent, a few pt); x_frac/y_frac = the centre as a 0-1 fraction of that page.",517.64,581.445,163.113,-4.46,163.113,0.1,7.44,9.12,0.3151,-0.0077,,,,,,8.0,sans-serif,normal,normal,0.0,center,top,black,True,1,C:\Users\wzw\AppData\Local\Programs\MiKTeX\fonts\opentype\public\libertinus-fonts\LibertinusSans-Regular.otf
fig1_method_supply_network,en,,,fig1_method_supply_network:013,csf-fig1_method_supply_network-tick-013,tick,$\mathdefault{30}$,"page-points, origin = BOTTOM-LEFT of the exported page; page = matplotlib tight bbox of the figure + savefig.pad_inches (0.05 in) per side (the page matplotlib actually writes for bbox_inches='tight'). center_x_pt/center_y_pt = centre of the rendered text bbox; anchor_x_pt/anchor_y_pt = matplotlib text anchor (equals the SVG/PDF text x/y only for va='baseline', otherwise it differs by the ascent/descent, a few pt); x_frac/y_frac = the centre as a 0-1 fraction of that page.",517.64,581.445,242.869,-4.46,242.869,0.1,7.44,9.12,0.4692,-0.0077,,,,,,8.0,sans-serif,normal,normal,0.0,center,top,black,True,1,C:\Users\wzw\AppData\Local\Programs\MiKTeX\fonts\opentype\public\libertinus-fonts\LibertinusSans-Regular.otf
fig1_method_supply_network,en,,,fig1_method_supply_network:014,csf-fig1_method_supply_network-tick-014,tick,$\mathdefault{40}$,"page-points, origin = BOTTOM-LEFT of the exported page; page = matplotlib tight bbox of the figure + savefig.pad_inches (0.05 in) per side (the page matplotlib actually writes for bbox_inches='tight'). center_x_pt/center_y_pt = centre of the rendered text bbox; anchor_x_pt/anchor_y_pt = matplotlib text anchor (equals the SVG/PDF text x/y only for va='baseline', otherwise it differs by the ascent/descent, a few pt); x_frac/y_frac = the centre as a 0-1 fraction of that page.",517.64,581.445,322.625,-4.46,322.625,0.1,7.44,9.12,0.6233,-0.0077,,,,,,8.0,sans-serif,normal,normal,0.0,center,top,black,True,1,C:\Users\wzw\AppData\Local\Programs\MiKTeX\fonts\opentype\public\libertinus-fonts\LibertinusSans-Regular.otf
fig1_method_supply_network,en,,,fig1_method_supply_network:015,csf-fig1_method_supply_network-tick-015,tick,$\mathdefault{50}$,"page-points, origin = BOTTOM-LEFT of the exported page; page = matplotlib tight bbox of the figure + savefig.pad_inches (0.05 in) per side (the page matplotlib actually writes for bbox_inches='tight'). center_x_pt/center_y_pt = centre of the rendered text bbox; anchor_x_pt/anchor_y_pt = matplotlib text anchor (equals the SVG/PDF text x/y only for va='baseline', otherwise it differs by the ascent/descent, a few pt); x_frac/y_frac = the centre as a 0-1 fraction of that page.",517.64,581.445,402.381,-4.46,402.381,0.1,7.44,9.12,0.7773,-0.0077,,,,,,8.0,sans-serif,normal,normal,0.0,center,top,black,True,1,C:\Users\wzw\AppData\Local\Programs\MiKTeX\fonts\opentype\public\libertinus-fonts\LibertinusSans-Regular.otf
fig1_method_supply_network,en,,,fig1_method_supply_network:016,csf-fig1_method_supply_network-tick-016,tick,$\mathdefault{60}$,"page-points, origin = BOTTOM-LEFT of the exported page; page = matplotlib tight bbox of the figure + savefig.pad_inches (0.05 in) per side (the page matplotlib actually writes for bbox_inches='tight'). center_x_pt/center_y_pt = centre of the rendered text bbox; anchor_x_pt/anchor_y_pt = matplotlib text anchor (equals the SVG/PDF text x/y only for va='baseline', otherwise it differs by the ascent/descent, a few pt); x_frac/y_frac = the centre as a 0-1 fraction of that page.",517.64,581.445,482.138,-4.46,482.138,0.1,7.44,9.12,0.9314,-0.0077,,,,,,8.0,sans-serif,normal,normal,0.0,center,top,black,True,1,C:\Users\wzw\AppData\Local\Programs\MiKTeX\fonts\opentype\public\libertinus-fonts\LibertinusSans-Regular.otf
fig1_method_supply_network,en,,,fig1_method_supply_network:017,csf-fig1_method_supply_network-tick-017,tick,$\mathdefault{70}$,"page-points, origin = BOTTOM-LEFT of the exported page; page = matplotlib tight bbox of the figure + savefig.pad_inches (0.05 in) per side (the page matplotlib actually writes for bbox_inches='tight'). center_x_pt/center_y_pt = centre of the rendered text bbox; anchor_x_pt/anchor_y_pt = matplotlib text anchor (equals the SVG/PDF text x/y only for va='baseline', otherwise it differs by the ascent/descent, a few pt); x_frac/y_frac = the centre as a 0-1 fraction of that page.",517.64,581.445,561.894,-4.46,561.894,0.1,7.44,9.12,1.0855,-0.0077,,,,,,8.0,sans-serif,normal,normal,0.0,center,top,black,True,1,C:\Users\wzw\AppData\Local\Programs\MiKTeX\fonts\opentype\public\libertinus-fonts\LibertinusSans-Regular.otf
fig1_method_supply_network,en,,,fig1_method_supply_network:018,csf-fig1_method_supply_network-legend-018,legend,Data flow,"page-points, origin = BOTTOM-LEFT of the exported page; page = matplotlib tight bbox of the figure + savefig.pad_inches (0.05 in) per side (the page matplotlib actually writes for bbox_inches='tight'). center_x_pt/center_y_pt = centre of the rendered text bbox; anchor_x_pt/anchor_y_pt = matplotlib text anchor (equals the SVG/PDF text x/y only for va='baseline', otherwise it differs by the ascent/descent, a few pt); x_frac/y_frac = the centre as a 0-1 fraction of that page.",517.64,581.445,312.834,78.571,298.698,78.571,28.271,7.98,0.6043,0.1351,ax0,0.5781,0.1306,37.0,9.4,7.0,sans-serif,normal,normal,0.0,left,center,#4D4D4D,False,1,C:\Users\wzw\AppData\Local\Programs\MiKTeX\fonts\opentype\public\libertinus-fonts\LibertinusSans-Regular.otf
fig1_method_supply_network,en,,,fig1_method_supply_network:019,csf-fig1_method_supply_network-legend-019,legend,Feedback loop,"page-points, origin = BOTTOM-LEFT of the exported page; page = matplotlib tight bbox of the figure + savefig.pad_inches (0.05 in) per side (the page matplotlib actually writes for bbox_inches='tight'). center_x_pt/center_y_pt = centre of the rendered text bbox; anchor_x_pt/anchor_y_pt = matplotlib text anchor (equals the SVG/PDF text x/y only for va='baseline', otherwise it differs by the ascent/descent, a few pt); x_frac/y_frac = the centre as a 0-1 fraction of that page.",517.64,581.445,319.411,54.644,298.698,54.644,41.426,7.98,0.6171,0.094,ax0,0.5781,0.0889,37.0,6.4,7.0,sans-serif,normal,normal,0.0,left,center,#D62728,False,1,C:\Users\wzw\AppData\Local\Programs\MiKTeX\fonts\opentype\public\libertinus-fonts\LibertinusSans-Regular.otf
fig1_method_supply_network,en,,,fig1_method_supply_network:020,csf-fig1_method_supply_network-node-020,node,"End demand
Stochastic / time-varying","page-points, origin = BOTTOM-LEFT of the exported page; page = matplotlib tight bbox of the figure + savefig.pad_inches (0.05 in) per side (the page matplotlib actually writes for bbox_inches='tight'). center_x_pt/center_y_pt = centre of the rendered text bbox; anchor_x_pt/anchor_y_pt = matplotlib text anchor (equals the SVG/PDF text x/y only for va='baseline', otherwise it differs by the ascent/descent, a few pt); x_frac/y_frac = the centre as a 0-1 fraction of that page.",517.64,581.445,123.234,510.052,123.234,510.052,88.028,33.915,0.2381,0.8772,ax0,0.2344,0.8819,15.0,63.5,8.5,sans-serif,normal,normal,0.0,center,center,#1A1A1A,False,2,C:\Users\wzw\AppData\Local\Programs\MiKTeX\fonts\opentype\public\libertinus-fonts\LibertinusSans-Regular.otf
fig1_method_supply_network,en,,,fig1_method_supply_network:021,csf-fig1_method_supply_network-node-021,node,"Supplier
Inventory / WIP","page-points, origin = BOTTOM-LEFT of the exported page; page = matplotlib tight bbox of the figure + savefig.pad_inches (0.05 in) per side (the page matplotlib actually writes for bbox_inches='tight'). center_x_pt/center_y_pt = centre of the rendered text bbox; anchor_x_pt/anchor_y_pt = matplotlib text anchor (equals the SVG/PDF text x/y only for va='baseline', otherwise it differs by the ascent/descent, a few pt); x_frac/y_frac = the centre as a 0-1 fraction of that page.",517.64,581.445,123.234,382.442,123.234,382.442,56.22,33.915,0.2381,0.6577,ax0,0.2344,0.6597,15.0,47.5,8.5,sans-serif,normal,normal,0.0,center,center,#1A1A1A,False,2,C:\Users\wzw\AppData\Local\Programs\MiKTeX\fonts\opentype\public\libertinus-fonts\LibertinusSans-Regular.otf
fig1_method_supply_network,en,,,fig1_method_supply_network:022,csf-fig1_method_supply_network-node-022,node,"Manufacturer
Inventory / WIP","page-points, origin = BOTTOM-LEFT of the exported page; page = matplotlib tight bbox of the figure + savefig.pad_inches (0.05 in) per side (the page matplotlib actually writes for bbox_inches='tight'). center_x_pt/center_y_pt = centre of the rendered text bbox; anchor_x_pt/anchor_y_pt = matplotlib text anchor (equals the SVG/PDF text x/y only for va='baseline', otherwise it differs by the ascent/descent, a few pt); x_frac/y_frac = the centre as a 0-1 fraction of that page.",517.64,581.445,274.771,382.442,274.771,382.442,56.22,33.915,0.5308,0.6577,ax0,0.5312,0.6597,34.0,47.5,8.5,sans-serif,normal,normal,0.0,center,center,#1A1A1A,False,2,C:\Users\wzw\AppData\Local\Programs\MiKTeX\fonts\opentype\public\libertinus-fonts\LibertinusSans-Regular.otf
fig1_method_supply_network,en,,,fig1_method_supply_network:023,csf-fig1_method_supply_network-node-023,node,"Distributor
Inventory / WIP","page-points, origin = BOTTOM-LEFT of the exported page; page = matplotlib tight bbox of the figure + savefig.pad_inches (0.05 in) per side (the page matplotlib actually writes for bbox_inches='tight'). center_x_pt/center_y_pt = centre of the rendered text bbox; anchor_x_pt/anchor_y_pt = matplotlib text anchor (equals the SVG/PDF text x/y only for va='baseline', otherwise it differs by the ascent/descent, a few pt); x_frac/y_frac = the centre as a 0-1 fraction of that page.",517.64,581.445,426.308,382.442,426.308,382.442,56.22,33.915,0.8236,0.6577,ax0,0.8281,0.6597,53.0,47.5,8.5,sans-serif,normal,normal,0.0,center,center,#1A1A1A,False,2,C:\Users\wzw\AppData\Local\Programs\MiKTeX\fonts\opentype\public\libertinus-fonts\LibertinusSans-Regular.otf
fig1_method_supply_network,en,,,fig1_method_supply_network:024,csf-fig1_method_supply_network-node-024,node,"Replenishment policy
$(s,S)$ / order-up-to","page-points, origin = BOTTOM-LEFT of the exported page; page = matplotlib tight bbox of the figure + savefig.pad_inches (0.05 in) per side (the page matplotlib actually writes for bbox_inches='tight'). center_x_pt/center_y_pt = centre of the rendered text bbox; anchor_x_pt/anchor_y_pt = matplotlib text anchor (equals the SVG/PDF text x/y only for va='baseline', otherwise it differs by the ascent/descent, a few pt); x_frac/y_frac = the centre as a 0-1 fraction of that page.",517.64,581.445,123.234,254.832,123.234,254.832,75.66,33.915,0.2381,0.4383,ax0,0.2344,0.4375,15.0,31.5,8.5,sans-serif,normal,normal,0.0,center,center,#1A1A1A,True,2,C:\Users\wzw\AppData\Local\Programs\MiKTeX\fonts\opentype\public\libertinus-fonts\LibertinusSans-Regular.otf
fig1_method_supply_network,en,,,fig1_method_supply_network:025,csf-fig1_method_supply_network-node-025,node,"Lead time
$L$ and delay","page-points, origin = BOTTOM-LEFT of the exported page; page = matplotlib tight bbox of the figure + savefig.pad_inches (0.05 in) per side (the page matplotlib actually writes for bbox_inches='tight'). center_x_pt/center_y_pt = centre of the rendered text bbox; anchor_x_pt/anchor_y_pt = matplotlib text anchor (equals the SVG/PDF text x/y only for va='baseline', otherwise it differs by the ascent/descent, a few pt); x_frac/y_frac = the centre as a 0-1 fraction of that page.",517.64,581.445,274.771,254.832,274.771,254.832,41.28,33.915,0.5308,0.4383,ax0,0.5312,0.4375,34.0,31.5,8.5,sans-serif,normal,normal,0.0,center,center,#1A1A1A,True,2,C:\Users\wzw\AppData\Local\Programs\MiKTeX\fonts\opentype\public\libertinus-fonts\LibertinusSans-Regular.otf
fig1_method_supply_network,en,,,fig1_method_supply_network:026,csf-fig1_method_supply_network-node-026,node,"Information sharing
Demand visibility","page-points, origin = BOTTOM-LEFT of the exported page; page = matplotlib tight bbox of the figure + savefig.pad_inches (0.05 in) per side (the page matplotlib actually writes for bbox_inches='tight'). center_x_pt/center_y_pt = centre of the rendered text bbox; anchor_x_pt/anchor_y_pt = matplotlib text anchor (equals the SVG/PDF text x/y only for va='baseline', otherwise it differs by the ascent/descent, a few pt); x_frac/y_frac = the centre as a 0-1 fraction of that page.",517.64,581.445,426.308,254.832,426.308,254.832,70.32,33.915,0.8236,0.4383,ax0,0.8281,0.4375,53.0,31.5,8.5,sans-serif,normal,normal,0.0,center,center,#1A1A1A,False,2,C:\Users\wzw\AppData\Local\Programs\MiKTeX\fonts\opentype\public\libertinus-fonts\LibertinusSans-Regular.otf
fig1_method_supply_network,en,,,fig1_method_supply_network:027,csf-fig1_method_supply_network-node-027,node,"Performance metrics
Cost, service level, variance amplification","page-points, origin = BOTTOM-LEFT of the exported page; page = matplotlib tight bbox of the figure + savefig.pad_inches (0.05 in) per side (the page matplotlib actually writes for bbox_inches='tight'). center_x_pt/center_y_pt = centre of the rendered text bbox; anchor_x_pt/anchor_y_pt = matplotlib text anchor (equals the SVG/PDF text x/y only for va='baseline', otherwise it differs by the ascent/descent, a few pt); x_frac/y_frac = the centre as a 0-1 fraction of that page.",517.64,581.445,123.234,127.222,123.234,127.222,144.0,33.915,0.2381,0.2188,ax0,0.2344,0.2153,15.0,15.5,8.5,sans-serif,normal,normal,0.0,center,center,#1A1A1A,False,2,C:\Users\wzw\AppData\Local\Programs\MiKTeX\fonts\opentype\public\libertinus-fonts\LibertinusSans-Regular.otf
fig1_method_supply_network,en,,,fig1_method_supply_network:028,csf-fig1_method_supply_network-node-028,node,"Bullwhip ratio
$\mathrm{Var}(O)/\mathrm{Var}(D)$","page-points, origin = BOTTOM-LEFT of the exported page; page = matplotlib tight bbox of the figure + savefig.pad_inches (0.05 in) per side (the page matplotlib actually writes for bbox_inches='tight'). center_x_pt/center_y_pt = centre of the rendered text bbox; anchor_x_pt/anchor_y_pt = matplotlib text anchor (equals the SVG/PDF text x/y only for va='baseline', otherwise it differs by the ascent/descent, a few pt); x_frac/y_frac = the centre as a 0-1 fraction of that page.",517.64,581.445,274.771,127.222,274.771,127.222,57.12,33.915,0.5308,0.2188,ax0,0.5312,0.2153,34.0,15.5,8.5,sans-serif,normal,normal,0.0,center,center,#1A1A1A,True,2,C:\Users\wzw\AppData\Local\Programs\MiKTeX\fonts\opentype\public\libertinus-fonts\LibertinusSans-Regular.otf
fig1_method_supply_network,en,,,fig1_method_supply_network:029,csf-fig1_method_supply_network-lane-label-029,lane-label,Demand,"page-points, origin = BOTTOM-LEFT of the exported page; page = matplotlib tight bbox of the figure + savefig.pad_inches (0.05 in) per side (the page matplotlib actually writes for bbox_inches='tight'). center_x_pt/center_y_pt = centre of the rendered text bbox; anchor_x_pt/anchor_y_pt = matplotlib text anchor (equals the SVG/PDF text x/y only for va='baseline', otherwise it differs by the ascent/descent, a few pt); x_frac/y_frac = the centre as a 0-1 fraction of that page.",517.64,581.445,31.515,510.052,31.515,510.052,9.12,28.32,0.0609,0.8772,ax0,0.0547,0.8819,3.5,63.5,8.0,sans-serif,normal,normal,90.0,center,center,#7F7F7F,False,1,C:\Users\wzw\AppData\Local\Programs\MiKTeX\fonts\opentype\public\libertinus-fonts\LibertinusSans-Regular.otf
fig1_method_supply_network,en,,,fig1_method_supply_network:030,csf-fig1_method_supply_network-lane-label-030,lane-label,Echelons,"page-points, origin = BOTTOM-LEFT of the exported page; page = matplotlib tight bbox of the figure + savefig.pad_inches (0.05 in) per side (the page matplotlib actually writes for bbox_inches='tight'). center_x_pt/center_y_pt = centre of the rendered text bbox; anchor_x_pt/anchor_y_pt = matplotlib text anchor (equals the SVG/PDF text x/y only for va='baseline', otherwise it differs by the ascent/descent, a few pt); x_frac/y_frac = the centre as a 0-1 fraction of that page.",517.64,581.445,31.515,382.442,31.515,382.442,9.12,29.04,0.0609,0.6577,ax0,0.0547,0.6597,3.5,47.5,8.0,sans-serif,normal,normal,90.0,center,center,#7F7F7F,False,1,C:\Users\wzw\AppData\Local\Programs\MiKTeX\fonts\opentype\public\libertinus-fonts\LibertinusSans-Regular.otf
fig1_method_supply_network,en,,,fig1_method_supply_network:031,csf-fig1_method_supply_network-lane-label-031,lane-label,Policies,"page-points, origin = BOTTOM-LEFT of the exported page; page = matplotlib tight bbox of the figure + savefig.pad_inches (0.05 in) per side (the page matplotlib actually writes for bbox_inches='tight'). center_x_pt/center_y_pt = centre of the rendered text bbox; anchor_x_pt/anchor_y_pt = matplotlib text anchor (equals the SVG/PDF text x/y only for va='baseline', otherwise it differs by the ascent/descent, a few pt); x_frac/y_frac = the centre as a 0-1 fraction of that page.",517.64,581.445,31.515,254.832,31.515,254.832,9.12,24.96,0.0609,0.4383,ax0,0.0547,0.4375,3.5,31.5,8.0,sans-serif,normal,normal,90.0,center,center,#7F7F7F,False,1,C:\Users\wzw\AppData\Local\Programs\MiKTeX\fonts\opentype\public\libertinus-fonts\LibertinusSans-Regular.otf
fig1_method_supply_network,en,,,fig1_method_supply_network:032,csf-fig1_method_supply_network-lane-label-032,lane-label,Evaluation,"page-points, origin = BOTTOM-LEFT of the exported page; page = matplotlib tight bbox of the figure + savefig.pad_inches (0.05 in) per side (the page matplotlib actually writes for bbox_inches='tight'). center_x_pt/center_y_pt = centre of the rendered text bbox; anchor_x_pt/anchor_y_pt = matplotlib text anchor (equals the SVG/PDF text x/y only for va='baseline', otherwise it differs by the ascent/descent, a few pt); x_frac/y_frac = the centre as a 0-1 fraction of that page.",517.64,581.445,31.515,127.222,31.515,127.222,9.12,35.04,0.0609,0.2188,ax0,0.0547,0.2153,3.5,15.5,8.0,sans-serif,normal,normal,90.0,center,center,#7F7F7F,False,1,C:\Users\wzw\AppData\Local\Programs\MiKTeX\fonts\opentype\public\libertinus-fonts\LibertinusSans-Regular.otf
fig1_method_supply_network,en,,,fig1_method_supply_network:033,csf-fig1_method_supply_network-annotation-033,annotation,demand pull,"page-points, origin = BOTTOM-LEFT of the exported page; page = matplotlib tight bbox of the figure + savefig.pad_inches (0.05 in) per side (the page matplotlib actually writes for bbox_inches='tight'). center_x_pt/center_y_pt = centre of the rendered text bbox; anchor_x_pt/anchor_y_pt = matplotlib text anchor (equals the SVG/PDF text x/y only for va='baseline', otherwise it differs by the ascent/descent, a few pt); x_frac/y_frac = the centre as a 0-1 fraction of that page.",517.64,581.445,123.234,446.247,123.234,446.247,36.24,8.094,0.2381,0.7675,ax0,0.2344,0.7708,15.0,55.5,7.1,sans-serif,normal,normal,0.0,center,center,#1A1A1A,False,1,C:\Users\wzw\AppData\Local\Programs\MiKTeX\fonts\opentype\public\libertinus-fonts\LibertinusSans-Regular.otf
fig1_method_supply_network,en,,,fig1_method_supply_network:034,csf-fig1_method_supply_network-annotation-034,annotation,supply,"page-points, origin = BOTTOM-LEFT of the exported page; page = matplotlib tight bbox of the figure + savefig.pad_inches (0.05 in) per side (the page matplotlib actually writes for bbox_inches='tight'). center_x_pt/center_y_pt = centre of the rendered text bbox; anchor_x_pt/anchor_y_pt = matplotlib text anchor (equals the SVG/PDF text x/y only for va='baseline', otherwise it differs by the ascent/descent, a few pt); x_frac/y_frac = the centre as a 0-1 fraction of that page.",517.64,581.445,199.003,382.442,199.003,382.442,19.2,8.094,0.3844,0.6577,ax0,0.3828,0.6597,24.5,47.5,7.1,sans-serif,normal,normal,0.0,center,center,#1A1A1A,False,1,C:\Users\wzw\AppData\Local\Programs\MiKTeX\fonts\opentype\public\libertinus-fonts\LibertinusSans-Regular.otf
fig1_method_supply_network,en,,,fig1_method_supply_network:035,csf-fig1_method_supply_network-annotation-035,annotation,supply,"page-points, origin = BOTTOM-LEFT of the exported page; page = matplotlib tight bbox of the figure + savefig.pad_inches (0.05 in) per side (the page matplotlib actually writes for bbox_inches='tight'). center_x_pt/center_y_pt = centre of the rendered text bbox; anchor_x_pt/anchor_y_pt = matplotlib text anchor (equals the SVG/PDF text x/y only for va='baseline', otherwise it differs by the ascent/descent, a few pt); x_frac/y_frac = the centre as a 0-1 fraction of that page.",517.64,581.445,350.54,382.442,350.54,382.442,19.2,8.094,0.6772,0.6577,ax0,0.6797,0.6597,43.5,47.5,7.1,sans-serif,normal,normal,0.0,center,center,#1A1A1A,False,1,C:\Users\wzw\AppData\Local\Programs\MiKTeX\fonts\opentype\public\libertinus-fonts\LibertinusSans-Regular.otf
fig1_method_supply_network,en,,,fig1_method_supply_network:036,csf-fig1_method_supply_network-annotation-036,annotation,demand sharing,"page-points, origin = BOTTOM-LEFT of the exported page; page = matplotlib tight bbox of the figure + savefig.pad_inches (0.05 in) per side (the page matplotlib actually writes for bbox_inches='tight'). center_x_pt/center_y_pt = centre of the rendered text bbox; anchor_x_pt/anchor_y_pt = matplotlib text anchor (equals the SVG/PDF text x/y only for va='baseline', otherwise it differs by the ascent/descent, a few pt); x_frac/y_frac = the centre as a 0-1 fraction of that page.",517.64,581.445,199.003,318.637,199.003,318.637,47.52,8.094,0.3844,0.548,ax0,0.3828,0.5486,24.5,39.5,7.1,sans-serif,normal,normal,0.0,center,center,#1A1A1A,False,1,C:\Users\wzw\AppData\Local\Programs\MiKTeX\fonts\opentype\public\libertinus-fonts\LibertinusSans-Regular.otf
fig1_method_supply_network,en,,,fig1_method_supply_network:037,csf-fig1_method_supply_network-annotation-037,annotation,parameters,"page-points, origin = BOTTOM-LEFT of the exported page; page = matplotlib tight bbox of the figure + savefig.pad_inches (0.05 in) per side (the page matplotlib actually writes for bbox_inches='tight'). center_x_pt/center_y_pt = centre of the rendered text bbox; anchor_x_pt/anchor_y_pt = matplotlib text anchor (equals the SVG/PDF text x/y only for va='baseline', otherwise it differs by the ascent/descent, a few pt); x_frac/y_frac = the centre as a 0-1 fraction of that page.",517.64,581.445,199.003,254.832,199.003,254.832,32.88,8.094,0.3844,0.4383,ax0,0.3828,0.4375,24.5,31.5,7.1,sans-serif,normal,normal,0.0,center,center,#1A1A1A,False,1,C:\Users\wzw\AppData\Local\Programs\MiKTeX\fonts\opentype\public\libertinus-fonts\LibertinusSans-Regular.otf
fig1_method_supply_network,en,,,fig1_method_supply_network:038,csf-fig1_method_supply_network-annotation-038,annotation,fulfilment,"page-points, origin = BOTTOM-LEFT of the exported page; page = matplotlib tight bbox of the figure + savefig.pad_inches (0.05 in) per side (the page matplotlib actually writes for bbox_inches='tight'). center_x_pt/center_y_pt = centre of the rendered text bbox; anchor_x_pt/anchor_y_pt = matplotlib text anchor (equals the SVG/PDF text x/y only for va='baseline', otherwise it differs by the ascent/descent, a few pt); x_frac/y_frac = the centre as a 0-1 fraction of that page.",517.64,581.445,199.003,254.832,199.003,254.832,28.8,8.094,0.3844,0.4383,ax0,0.3828,0.4375,24.5,31.5,7.1,sans-serif,normal,normal,0.0,center,center,#1A1A1A,False,1,C:\Users\wzw\AppData\Local\Programs\MiKTeX\fonts\opentype\public\libertinus-fonts\LibertinusSans-Regular.otf
fig1_method_supply_network,en,,,fig1_method_supply_network:039,csf-fig1_method_supply_network-annotation-039,annotation,delay,"page-points, origin = BOTTOM-LEFT of the exported page; page = matplotlib tight bbox of the figure + savefig.pad_inches (0.05 in) per side (the page matplotlib actually writes for bbox_inches='tight'). center_x_pt/center_y_pt = centre of the rendered text bbox; anchor_x_pt/anchor_y_pt = matplotlib text anchor (equals the SVG/PDF text x/y only for va='baseline', otherwise it differs by the ascent/descent, a few pt); x_frac/y_frac = the centre as a 0-1 fraction of that page.",517.64,581.445,350.54,254.832,350.54,254.832,15.6,8.094,0.6772,0.4383,ax0,0.6797,0.4375,43.5,31.5,7.1,sans-serif,normal,normal,0.0,center,center,#1A1A1A,False,1,C:\Users\wzw\AppData\Local\Programs\MiKTeX\fonts\opentype\public\libertinus-fonts\LibertinusSans-Regular.otf
fig1_method_supply_network,en,,,fig1_method_supply_network:040,csf-fig1_method_supply_network-annotation-040,annotation,amplification feedback,"page-points, origin = BOTTOM-LEFT of the exported page; page = matplotlib tight bbox of the figure + savefig.pad_inches (0.05 in) per side (the page matplotlib actually writes for bbox_inches='tight'). center_x_pt/center_y_pt = centre of the rendered text bbox; anchor_x_pt/anchor_y_pt = matplotlib text anchor (equals the SVG/PDF text x/y only for va='baseline', otherwise it differs by the ascent/descent, a few pt); x_frac/y_frac = the centre as a 0-1 fraction of that page.",517.64,581.445,199.003,191.027,199.003,191.027,66.578,8.094,0.3844,0.3285,ax0,0.3828,0.3264,24.5,23.5,7.1,sans-serif,normal,normal,0.0,center,center,#1A1A1A,False,1,C:\Users\wzw\AppData\Local\Programs\MiKTeX\fonts\opentype\public\libertinus-fonts\LibertinusSans-Regular.otf
fig1_method_supply_network,en,,,fig1_method_supply_network:041,csf-fig1_method_supply_network-annotation-041,annotation,variance,"page-points, origin = BOTTOM-LEFT of the exported page; page = matplotlib tight bbox of the figure + savefig.pad_inches (0.05 in) per side (the page matplotlib actually writes for bbox_inches='tight'). center_x_pt/center_y_pt = centre of the rendered text bbox; anchor_x_pt/anchor_y_pt = matplotlib text anchor (equals the SVG/PDF text x/y only for va='baseline', otherwise it differs by the ascent/descent, a few pt); x_frac/y_frac = the centre as a 0-1 fraction of that page.",517.64,581.445,199.003,127.222,199.003,127.222,24.72,8.094,0.3844,0.2188,ax0,0.3828,0.2153,24.5,15.5,7.1,sans-serif,normal,normal,0.0,center,center,#1A1A1A,False,1,C:\Users\wzw\AppData\Local\Programs\MiKTeX\fonts\opentype\public\libertinus-fonts\LibertinusSans-Regular.otf
fig1_method_epidemic_diffusion,en,,,fig1_method_epidemic_diffusion:001,csf-fig1_method_epidemic_diffusion-tick-001,tick,$\mathdefault{80}$,"page-points, origin = BOTTOM-LEFT of the exported page; page = matplotlib tight bbox of the figure + savefig.pad_inches (0.05 in) per side (the page matplotlib actually writes for bbox_inches='tight'). center_x_pt/center_y_pt = centre of the rendered text bbox; anchor_x_pt/anchor_y_pt = matplotlib text anchor (equals the SVG/PDF text x/y only for va='baseline', otherwise it differs by the ascent/descent, a few pt); x_frac/y_frac = the centre as a 0-1 fraction of that page.",517.64,619.728,-3.62,683.203,0.1,684.187,7.44,9.12,-0.007,1.1024,,,,,,8.0,sans-serif,normal,normal,0.0,right,center_baseline,black,True,1,C:\Users\wzw\AppData\Local\Programs\MiKTeX\fonts\opentype\public\libertinus-fonts\LibertinusSans-Regular.otf
fig1_method_epidemic_diffusion,en,,,fig1_method_epidemic_diffusion:002,csf-fig1_method_epidemic_diffusion-tick-002,tick,$\mathdefault{70}$,"page-points, origin = BOTTOM-LEFT of the exported page; page = matplotlib tight bbox of the figure + savefig.pad_inches (0.05 in) per side (the page matplotlib actually writes for bbox_inches='tight'). center_x_pt/center_y_pt = centre of the rendered text bbox; anchor_x_pt/anchor_y_pt = matplotlib text anchor (equals the SVG/PDF text x/y only for va='baseline', otherwise it differs by the ascent/descent, a few pt); x_frac/y_frac = the centre as a 0-1 fraction of that page.",517.64,619.728,-3.62,598.13,0.1,599.114,7.44,9.12,-0.007,0.9651,,,,,,8.0,sans-serif,normal,normal,0.0,right,center_baseline,black,True,1,C:\Users\wzw\AppData\Local\Programs\MiKTeX\fonts\opentype\public\libertinus-fonts\LibertinusSans-Regular.otf
fig1_method_epidemic_diffusion,en,,,fig1_method_epidemic_diffusion:003,csf-fig1_method_epidemic_diffusion-tick-003,tick,$\mathdefault{60}$,"page-points, origin = BOTTOM-LEFT of the exported page; page = matplotlib tight bbox of the figure + savefig.pad_inches (0.05 in) per side (the page matplotlib actually writes for bbox_inches='tight'). center_x_pt/center_y_pt = centre of the rendered text bbox; anchor_x_pt/anchor_y_pt = matplotlib text anchor (equals the SVG/PDF text x/y only for va='baseline', otherwise it differs by the ascent/descent, a few pt); x_frac/y_frac = the centre as a 0-1 fraction of that page.",517.64,619.728,-3.62,513.056,0.1,514.04,7.44,9.12,-0.007,0.8279,,,,,,8.0,sans-serif,normal,normal,0.0,right,center_baseline,black,True,1,C:\Users\wzw\AppData\Local\Programs\MiKTeX\fonts\opentype\public\libertinus-fonts\LibertinusSans-Regular.otf
fig1_method_epidemic_diffusion,en,,,fig1_method_epidemic_diffusion:004,csf-fig1_method_epidemic_diffusion-tick-004,tick,$\mathdefault{50}$,"page-points, origin = BOTTOM-LEFT of the exported page; page = matplotlib tight bbox of the figure + savefig.pad_inches (0.05 in) per side (the page matplotlib actually writes for bbox_inches='tight'). center_x_pt/center_y_pt = centre of the rendered text bbox; anchor_x_pt/anchor_y_pt = matplotlib text anchor (equals the SVG/PDF text x/y only for va='baseline', otherwise it differs by the ascent/descent, a few pt); x_frac/y_frac = the centre as a 0-1 fraction of that page.",517.64,619.728,-3.62,427.983,0.1,428.967,7.44,9.12,-0.007,0.6906,,,,,,8.0,sans-serif,normal,normal,0.0,right,center_baseline,black,True,1,C:\Users\wzw\AppData\Local\Programs\MiKTeX\fonts\opentype\public\libertinus-fonts\LibertinusSans-Regular.otf
fig1_method_epidemic_diffusion,en,,,fig1_method_epidemic_diffusion:005,csf-fig1_method_epidemic_diffusion-tick-005,tick,$\mathdefault{40}$,"page-points, origin = BOTTOM-LEFT of the exported page; page = matplotlib tight bbox of the figure + savefig.pad_inches (0.05 in) per side (the page matplotlib actually writes for bbox_inches='tight'). center_x_pt/center_y_pt = centre of the rendered text bbox; anchor_x_pt/anchor_y_pt = matplotlib text anchor (equals the SVG/PDF text x/y only for va='baseline', otherwise it differs by the ascent/descent, a few pt); x_frac/y_frac = the centre as a 0-1 fraction of that page.",517.64,619.728,-3.62,342.91,0.1,343.894,7.44,9.12,-0.007,0.5533,,,,,,8.0,sans-serif,normal,normal,0.0,right,center_baseline,black,True,1,C:\Users\wzw\AppData\Local\Programs\MiKTeX\fonts\opentype\public\libertinus-fonts\LibertinusSans-Regular.otf
fig1_method_epidemic_diffusion,en,,,fig1_method_epidemic_diffusion:006,csf-fig1_method_epidemic_diffusion-tick-006,tick,$\mathdefault{30}$,"page-points, origin = BOTTOM-LEFT of the exported page; page = matplotlib tight bbox of the figure + savefig.pad_inches (0.05 in) per side (the page matplotlib actually writes for bbox_inches='tight'). center_x_pt/center_y_pt = centre of the rendered text bbox; anchor_x_pt/anchor_y_pt = matplotlib text anchor (equals the SVG/PDF text x/y only for va='baseline', otherwise it differs by the ascent/descent, a few pt); x_frac/y_frac = the centre as a 0-1 fraction of that page.",517.64,619.728,-3.62,257.836,0.1,258.82,7.44,9.12,-0.007,0.416,,,,,,8.0,sans-serif,normal,normal,0.0,right,center_baseline,black,True,1,C:\Users\wzw\AppData\Local\Programs\MiKTeX\fonts\opentype\public\libertinus-fonts\LibertinusSans-Regular.otf
fig1_method_epidemic_diffusion,en,,,fig1_method_epidemic_diffusion:007,csf-fig1_method_epidemic_diffusion-tick-007,tick,$\mathdefault{20}$,"page-points, origin = BOTTOM-LEFT of the exported page; page = matplotlib tight bbox of the figure + savefig.pad_inches (0.05 in) per side (the page matplotlib actually writes for bbox_inches='tight'). center_x_pt/center_y_pt = centre of the rendered text bbox; anchor_x_pt/anchor_y_pt = matplotlib text anchor (equals the SVG/PDF text x/y only for va='baseline', otherwise it differs by the ascent/descent, a few pt); x_frac/y_frac = the centre as a 0-1 fraction of that page.",517.64,619.728,-3.62,172.763,0.1,173.747,7.44,9.12,-0.007,0.2788,,,,,,8.0,sans-serif,normal,normal,0.0,right,center_baseline,black,True,1,C:\Users\wzw\AppData\Local\Programs\MiKTeX\fonts\opentype\public\libertinus-fonts\LibertinusSans-Regular.otf
fig1_method_epidemic_diffusion,en,,,fig1_method_epidemic_diffusion:008,csf-fig1_method_epidemic_diffusion-tick-008,tick,$\mathdefault{10}$,"page-points, origin = BOTTOM-LEFT of the exported page; page = matplotlib tight bbox of the figure + savefig.pad_inches (0.05 in) per side (the page matplotlib actually writes for bbox_inches='tight'). center_x_pt/center_y_pt = centre of the rendered text bbox; anchor_x_pt/anchor_y_pt = matplotlib text anchor (equals the SVG/PDF text x/y only for va='baseline', otherwise it differs by the ascent/descent, a few pt); x_frac/y_frac = the centre as a 0-1 fraction of that page.",517.64,619.728,-3.62,87.689,0.1,88.673,7.44,9.12,-0.007,0.1415,,,,,,8.0,sans-serif,normal,normal,0.0,right,center_baseline,black,True,1,C:\Users\wzw\AppData\Local\Programs\MiKTeX\fonts\opentype\public\libertinus-fonts\LibertinusSans-Regular.otf
fig1_method_epidemic_diffusion,en,,,fig1_method_epidemic_diffusion:009,csf-fig1_method_epidemic_diffusion-tick-009,tick,$\mathdefault{0}$,"page-points, origin = BOTTOM-LEFT of the exported page; page = matplotlib tight bbox of the figure + savefig.pad_inches (0.05 in) per side (the page matplotlib actually writes for bbox_inches='tight'). center_x_pt/center_y_pt = centre of the rendered text bbox; anchor_x_pt/anchor_y_pt = matplotlib text anchor (equals the SVG/PDF text x/y only for va='baseline', otherwise it differs by the ascent/descent, a few pt); x_frac/y_frac = the centre as a 0-1 fraction of that page.",517.64,619.728,-1.82,2.616,0.1,3.6,3.84,9.12,-0.0035,0.0042,,,,,,8.0,sans-serif,normal,normal,0.0,right,center_baseline,black,True,1,C:\Users\wzw\AppData\Local\Programs\MiKTeX\fonts\opentype\public\libertinus-fonts\LibertinusSans-Regular.otf
fig1_method_epidemic_diffusion,en,,,fig1_method_epidemic_diffusion:010,csf-fig1_method_epidemic_diffusion-tick-010,tick,$\mathdefault{0}$,"page-points, origin = BOTTOM-LEFT of the exported page; page = matplotlib tight bbox of the figure + savefig.pad_inches (0.05 in) per side (the page matplotlib actually writes for bbox_inches='tight'). center_x_pt/center_y_pt = centre of the rendered text bbox; anchor_x_pt/anchor_y_pt = matplotlib text anchor (equals the SVG/PDF text x/y only for va='baseline', otherwise it differs by the ascent/descent, a few pt); x_frac/y_frac = the centre as a 0-1 fraction of that page.",517.64,619.728,3.6,-4.46,3.6,0.1,3.84,9.12,0.007,-0.0072,,,,,,8.0,sans-serif,normal,normal,0.0,center,top,black,True,1,C:\Users\wzw\AppData\Local\Programs\MiKTeX\fonts\opentype\public\libertinus-fonts\LibertinusSans-Regular.otf
fig1_method_epidemic_diffusion,en,,,fig1_method_epidemic_diffusion:011,csf-fig1_method_epidemic_diffusion-tick-011,tick,$\mathdefault{10}$,"page-points, origin = BOTTOM-LEFT of the exported page; page = matplotlib tight bbox of the figure + savefig.pad_inches (0.05 in) per side (the page matplotlib actually writes for bbox_inches='tight'). center_x_pt/center_y_pt = centre of the rendered text bbox; anchor_x_pt/anchor_y_pt = matplotlib text anchor (equals the SVG/PDF text x/y only for va='baseline', otherwise it differs by the ascent/descent, a few pt); x_frac/y_frac = the centre as a 0-1 fraction of that page.",517.64,619.728,88.673,-4.46,88.673,0.1,7.44,9.12,0.1713,-0.0072,,,,,,8.0,sans-serif,normal,normal,0.0,center,top,black,True,1,C:\Users\wzw\AppData\Local\Programs\MiKTeX\fonts\opentype\public\libertinus-fonts\LibertinusSans-Regular.otf
fig1_method_epidemic_diffusion,en,,,fig1_method_epidemic_diffusion:012,csf-fig1_method_epidemic_diffusion-tick-012,tick,$\mathdefault{20}$,"page-points, origin = BOTTOM-LEFT of the exported page; page = matplotlib tight bbox of the figure + savefig.pad_inches (0.05 in) per side (the page matplotlib actually writes for bbox_inches='tight'). center_x_pt/center_y_pt = centre of the rendered text bbox; anchor_x_pt/anchor_y_pt = matplotlib text anchor (equals the SVG/PDF text x/y only for va='baseline', otherwise it differs by the ascent/descent, a few pt); x_frac/y_frac = the centre as a 0-1 fraction of that page.",517.64,619.728,173.747,-4.46,173.747,0.1,7.44,9.12,0.3357,-0.0072,,,,,,8.0,sans-serif,normal,normal,0.0,center,top,black,True,1,C:\Users\wzw\AppData\Local\Programs\MiKTeX\fonts\opentype\public\libertinus-fonts\LibertinusSans-Regular.otf
fig1_method_epidemic_diffusion,en,,,fig1_method_epidemic_diffusion:013,csf-fig1_method_epidemic_diffusion-tick-013,tick,$\mathdefault{30}$,"page-points, origin = BOTTOM-LEFT of the exported page; page = matplotlib tight bbox of the figure + savefig.pad_inches (0.05 in) per side (the page matplotlib actually writes for bbox_inches='tight'). center_x_pt/center_y_pt = centre of the rendered text bbox; anchor_x_pt/anchor_y_pt = matplotlib text anchor (equals the SVG/PDF text x/y only for va='baseline', otherwise it differs by the ascent/descent, a few pt); x_frac/y_frac = the centre as a 0-1 fraction of that page.",517.64,619.728,258.82,-4.46,258.82,0.1,7.44,9.12,0.5,-0.0072,,,,,,8.0,sans-serif,normal,normal,0.0,center,top,black,True,1,C:\Users\wzw\AppData\Local\Programs\MiKTeX\fonts\opentype\public\libertinus-fonts\LibertinusSans-Regular.otf
fig1_method_epidemic_diffusion,en,,,fig1_method_epidemic_diffusion:014,csf-fig1_method_epidemic_diffusion-tick-014,tick,$\mathdefault{40}$,"page-points, origin = BOTTOM-LEFT of the exported page; page = matplotlib tight bbox of the figure + savefig.pad_inches (0.05 in) per side (the page matplotlib actually writes for bbox_inches='tight'). center_x_pt/center_y_pt = centre of the rendered text bbox; anchor_x_pt/anchor_y_pt = matplotlib text anchor (equals the SVG/PDF text x/y only for va='baseline', otherwise it differs by the ascent/descent, a few pt); x_frac/y_frac = the centre as a 0-1 fraction of that page.",517.64,619.728,343.894,-4.46,343.894,0.1,7.44,9.12,0.6643,-0.0072,,,,,,8.0,sans-serif,normal,normal,0.0,center,top,black,True,1,C:\Users\wzw\AppData\Local\Programs\MiKTeX\fonts\opentype\public\libertinus-fonts\LibertinusSans-Regular.otf
fig1_method_epidemic_diffusion,en,,,fig1_method_epidemic_diffusion:015,csf-fig1_method_epidemic_diffusion-tick-015,tick,$\mathdefault{50}$,"page-points, origin = BOTTOM-LEFT of the exported page; page = matplotlib tight bbox of the figure + savefig.pad_inches (0.05 in) per side (the page matplotlib actually writes for bbox_inches='tight'). center_x_pt/center_y_pt = centre of the rendered text bbox; anchor_x_pt/anchor_y_pt = matplotlib text anchor (equals the SVG/PDF text x/y only for va='baseline', otherwise it differs by the ascent/descent, a few pt); x_frac/y_frac = the centre as a 0-1 fraction of that page.",517.64,619.728,428.967,-4.46,428.967,0.1,7.44,9.12,0.8287,-0.0072,,,,,,8.0,sans-serif,normal,normal,0.0,center,top,black,True,1,C:\Users\wzw\AppData\Local\Programs\MiKTeX\fonts\opentype\public\libertinus-fonts\LibertinusSans-Regular.otf
fig1_method_epidemic_diffusion,en,,,fig1_method_epidemic_diffusion:016,csf-fig1_method_epidemic_diffusion-tick-016,tick,$\mathdefault{60}$,"page-points, origin = BOTTOM-LEFT of the exported page; page = matplotlib tight bbox of the figure + savefig.pad_inches (0.05 in) per side (the page matplotlib actually writes for bbox_inches='tight'). center_x_pt/center_y_pt = centre of the rendered text bbox; anchor_x_pt/anchor_y_pt = matplotlib text anchor (equals the SVG/PDF text x/y only for va='baseline', otherwise it differs by the ascent/descent, a few pt); x_frac/y_frac = the centre as a 0-1 fraction of that page.",517.64,619.728,514.04,-4.46,514.04,0.1,7.44,9.12,0.993,-0.0072,,,,,,8.0,sans-serif,normal,normal,0.0,center,top,black,True,1,C:\Users\wzw\AppData\Local\Programs\MiKTeX\fonts\opentype\public\libertinus-fonts\LibertinusSans-Regular.otf
fig1_method_epidemic_diffusion,en,,,fig1_method_epidemic_diffusion:017,csf-fig1_method_epidemic_diffusion-legend-017,legend,Data flow,"page-points, origin = BOTTOM-LEFT of the exported page; page = matplotlib tight bbox of the figure + savefig.pad_inches (0.05 in) per side (the page matplotlib actually writes for bbox_inches='tight'). center_x_pt/center_y_pt = centre of the rendered text bbox; anchor_x_pt/anchor_y_pt = matplotlib text anchor (equals the SVG/PDF text x/y only for va='baseline', otherwise it differs by the ascent/descent, a few pt); x_frac/y_frac = the centre as a 0-1 fraction of that page.",517.64,619.728,298.478,83.569,284.342,83.569,28.271,7.98,0.5766,0.1348,ax0,0.55,0.1306,33.0,9.4,7.0,sans-serif,normal,normal,0.0,left,center,#4D4D4D,False,1,C:\Users\wzw\AppData\Local\Programs\MiKTeX\fonts\opentype\public\libertinus-fonts\LibertinusSans-Regular.otf
fig1_method_epidemic_diffusion,en,,,fig1_method_epidemic_diffusion:018,csf-fig1_method_epidemic_diffusion-legend-018,legend,Feedback loop,"page-points, origin = BOTTOM-LEFT of the exported page; page = matplotlib tight bbox of the figure + savefig.pad_inches (0.05 in) per side (the page matplotlib actually writes for bbox_inches='tight'). center_x_pt/center_y_pt = centre of the rendered text bbox; anchor_x_pt/anchor_y_pt = matplotlib text anchor (equals the SVG/PDF text x/y only for va='baseline', otherwise it differs by the ascent/descent, a few pt); x_frac/y_frac = the centre as a 0-1 fraction of that page.",517.64,619.728,305.055,58.047,284.342,58.047,41.426,7.98,0.5893,0.0937,ax0,0.55,0.0889,33.0,6.4,7.0,sans-serif,normal,normal,0.0,left,center,#D62728,False,1,C:\Users\wzw\AppData\Local\Programs\MiKTeX\fonts\opentype\public\libertinus-fonts\LibertinusSans-Regular.otf
fig1_method_epidemic_diffusion,en,,,fig1_method_epidemic_diffusion:019,csf-fig1_method_epidemic_diffusion-node-019,node,"Contact network
topology / degree distribution","page-points, origin = BOTTOM-LEFT of the exported page; page = matplotlib tight bbox of the figure + savefig.pad_inches (0.05 in) per side (the page matplotlib actually writes for bbox_inches='tight'). center_x_pt/center_y_pt = centre of the rendered text bbox; anchor_x_pt/anchor_y_pt = matplotlib text anchor (equals the SVG/PDF text x/y only for va='baseline', otherwise it differs by the ascent/descent, a few pt); x_frac/y_frac = the centre as a 0-1 fraction of that page.",517.64,619.728,131.21,543.816,131.21,543.816,104.932,33.915,0.2535,0.8775,ax0,0.25,0.8819,15.0,63.5,8.5,sans-serif,normal,normal,0.0,center,center,#1A1A1A,False,2,C:\Users\wzw\AppData\Local\Programs\MiKTeX\fonts\opentype\public\libertinus-fonts\LibertinusSans-Regular.otf
fig1_method_epidemic_diffusion,en,,,fig1_method_epidemic_diffusion:020,csf-fig1_method_epidemic_diffusion-node-020,node,"Mixing pattern
homogeneous / heterogeneous / layered","page-points, origin = BOTTOM-LEFT of the exported page; page = matplotlib tight bbox of the figure + savefig.pad_inches (0.05 in) per side (the page matplotlib actually writes for bbox_inches='tight'). center_x_pt/center_y_pt = centre of the rendered text bbox; anchor_x_pt/anchor_y_pt = matplotlib text anchor (equals the SVG/PDF text x/y only for va='baseline', otherwise it differs by the ascent/descent, a few pt); x_frac/y_frac = the centre as a 0-1 fraction of that page.",517.64,619.728,292.85,543.816,292.85,543.816,140.137,33.915,0.5657,0.8775,ax0,0.5667,0.8819,34.0,63.5,8.5,sans-serif,normal,normal,0.0,center,center,#1A1A1A,False,2,C:\Users\wzw\AppData\Local\Programs\MiKTeX\fonts\opentype\public\libertinus-fonts\LibertinusSans-Regular.otf
fig1_method_epidemic_diffusion,en,,,fig1_method_epidemic_diffusion:021,csf-fig1_method_epidemic_diffusion-node-021,node,"Agent state machine
S → E → I → R","page-points, origin = BOTTOM-LEFT of the exported page; page = matplotlib tight bbox of the figure + savefig.pad_inches (0.05 in) per side (the page matplotlib actually writes for bbox_inches='tight'). center_x_pt/center_y_pt = centre of the rendered text bbox; anchor_x_pt/anchor_y_pt = matplotlib text anchor (equals the SVG/PDF text x/y only for va='baseline', otherwise it differs by the ascent/descent, a few pt); x_frac/y_frac = the centre as a 0-1 fraction of that page.",517.64,619.728,131.21,407.699,131.21,407.699,71.899,33.915,0.2535,0.6579,ax0,0.25,0.6597,15.0,47.5,8.5,sans-serif,normal,normal,0.0,center,center,#1A1A1A,False,2,C:\Users\wzw\AppData\Local\Programs\MiKTeX\fonts\opentype\public\libertinus-fonts\LibertinusSans-Regular.otf
fig1_method_epidemic_diffusion,en,,,fig1_method_epidemic_diffusion:022,csf-fig1_method_epidemic_diffusion-node-022,node,"Transition rates
$\beta,\ \sigma,\ \gamma$","page-points, origin = BOTTOM-LEFT of the exported page; page = matplotlib tight bbox of the figure + savefig.pad_inches (0.05 in) per side (the page matplotlib actually writes for bbox_inches='tight'). center_x_pt/center_y_pt = centre of the rendered text bbox; anchor_x_pt/anchor_y_pt = matplotlib text anchor (equals the SVG/PDF text x/y only for va='baseline', otherwise it differs by the ascent/descent, a few pt); x_frac/y_frac = the centre as a 0-1 fraction of that page.",517.64,619.728,292.85,407.699,292.85,407.699,55.031,33.915,0.5657,0.6579,ax0,0.5667,0.6597,34.0,47.5,8.5,sans-serif,normal,normal,0.0,center,center,#1A1A1A,True,2,C:\Users\wzw\AppData\Local\Programs\MiKTeX\fonts\opentype\public\libertinus-fonts\LibertinusSans-Regular.otf
fig1_method_epidemic_diffusion,en,,,fig1_method_epidemic_diffusion:023,csf-fig1_method_epidemic_diffusion-node-023,node,"Interventions
isolation / vaccination / contact limits","page-points, origin = BOTTOM-LEFT of the exported page; page = matplotlib tight bbox of the figure + savefig.pad_inches (0.05 in) per side (the page matplotlib actually writes for bbox_inches='tight'). center_x_pt/center_y_pt = centre of the rendered text bbox; anchor_x_pt/anchor_y_pt = matplotlib text anchor (equals the SVG/PDF text x/y only for va='baseline', otherwise it differs by the ascent/descent, a few pt); x_frac/y_frac = the centre as a 0-1 fraction of that page.",517.64,619.728,131.21,271.581,131.21,271.581,131.52,33.915,0.2535,0.4382,ax0,0.25,0.4375,15.0,31.5,8.5,sans-serif,normal,normal,0.0,center,center,#1A1A1A,False,2,C:\Users\wzw\AppData\Local\Programs\MiKTeX\fonts\opentype\public\libertinus-fonts\LibertinusSans-Regular.otf
fig1_method_epidemic_diffusion,en,,,fig1_method_epidemic_diffusion:024,csf-fig1_method_epidemic_diffusion-node-024,node,"Reproduction number
$R_0=\beta/\gamma$","page-points, origin = BOTTOM-LEFT of the exported page; page = matplotlib tight bbox of the figure + savefig.pad_inches (0.05 in) per side (the page matplotlib actually writes for bbox_inches='tight'). center_x_pt/center_y_pt = centre of the rendered text bbox; anchor_x_pt/anchor_y_pt = matplotlib text anchor (equals the SVG/PDF text x/y only for va='baseline', otherwise it differs by the ascent/descent, a few pt); x_frac/y_frac = the centre as a 0-1 fraction of that page.",517.64,619.728,292.85,271.581,292.85,271.581,77.119,33.915,0.5657,0.4382,ax0,0.5667,0.4375,34.0,31.5,8.5,sans-serif,normal,normal,0.0,center,center,#1A1A1A,True,2,C:\Users\wzw\AppData\Local\Programs\MiKTeX\fonts\opentype\public\libertinus-fonts\LibertinusSans-Regular.otf
fig1_method_epidemic_diffusion,en,,,fig1_method_epidemic_diffusion:025,csf-fig1_method_epidemic_diffusion-node-025,node,"Macroscopic outcomes
peak, final size, duration","page-points, origin = BOTTOM-LEFT of the exported page; page = matplotlib tight bbox of the figure + savefig.pad_inches (0.05 in) per side (the page matplotlib actually writes for bbox_inches='tight'). center_x_pt/center_y_pt = centre of the rendered text bbox; anchor_x_pt/anchor_y_pt = matplotlib text anchor (equals the SVG/PDF text x/y only for va='baseline', otherwise it differs by the ascent/descent, a few pt); x_frac/y_frac = the centre as a 0-1 fraction of that page.",517.64,619.728,131.21,135.464,131.21,135.464,85.894,33.915,0.2535,0.2186,ax0,0.25,0.2153,15.0,15.5,8.5,sans-serif,normal,normal,0.0,center,center,#1A1A1A,False,2,C:\Users\wzw\AppData\Local\Programs\MiKTeX\fonts\opentype\public\libertinus-fonts\LibertinusSans-Regular.otf
fig1_method_epidemic_diffusion,en,,,fig1_method_epidemic_diffusion:026,csf-fig1_method_epidemic_diffusion-node-026,node,"Threshold behaviour
$R_0=1$ transition","page-points, origin = BOTTOM-LEFT of the exported page; page = matplotlib tight bbox of the figure + savefig.pad_inches (0.05 in) per side (the page matplotlib actually writes for bbox_inches='tight'). center_x_pt/center_y_pt = centre of the rendered text bbox; anchor_x_pt/anchor_y_pt = matplotlib text anchor (equals the SVG/PDF text x/y only for va='baseline', otherwise it differs by the ascent/descent, a few pt); x_frac/y_frac = the centre as a 0-1 fraction of that page.",517.64,619.728,292.85,135.464,292.85,135.464,72.019,33.915,0.5657,0.2186,ax0,0.5667,0.2153,34.0,15.5,8.5,sans-serif,normal,normal,0.0,center,center,#1A1A1A,True,2,C:\Users\wzw\AppData\Local\Programs\MiKTeX\fonts\opentype\public\libertinus-fonts\LibertinusSans-Regular.otf
fig1_method_epidemic_diffusion,en,,,fig1_method_epidemic_diffusion:027,csf-fig1_method_epidemic_diffusion-lane-label-027,lane-label,Network structure,"page-points, origin = BOTTOM-LEFT of the exported page; page = matplotlib tight bbox of the figure + savefig.pad_inches (0.05 in) per side (the page matplotlib actually writes for bbox_inches='tight'). center_x_pt/center_y_pt = centre of the rendered text bbox; anchor_x_pt/anchor_y_pt = matplotlib text anchor (equals the SVG/PDF text x/y only for va='baseline', otherwise it differs by the ascent/descent, a few pt); x_frac/y_frac = the centre as a 0-1 fraction of that page.",517.64,619.728,33.376,543.816,33.376,543.816,9.12,60.352,0.0645,0.8775,ax0,0.0583,0.8819,3.5,63.5,8.0,sans-serif,normal,normal,90.0,center,center,#7F7F7F,False,1,C:\Users\wzw\AppData\Local\Programs\MiKTeX\fonts\opentype\public\libertinus-fonts\LibertinusSans-Regular.otf
fig1_method_epidemic_diffusion,en,,,fig1_method_epidemic_diffusion:028,csf-fig1_method_epidemic_diffusion-lane-label-028,lane-label,Agent states,"page-points, origin = BOTTOM-LEFT of the exported page; page = matplotlib tight bbox of the figure + savefig.pad_inches (0.05 in) per side (the page matplotlib actually writes for bbox_inches='tight'). center_x_pt/center_y_pt = centre of the rendered text bbox; anchor_x_pt/anchor_y_pt = matplotlib text anchor (equals the SVG/PDF text x/y only for va='baseline', otherwise it differs by the ascent/descent, a few pt); x_frac/y_frac = the centre as a 0-1 fraction of that page.",517.64,619.728,33.376,407.699,33.376,407.699,9.12,40.463,0.0645,0.6579,ax0,0.0583,0.6597,3.5,47.5,8.0,sans-serif,normal,normal,90.0,center,center,#7F7F7F,False,1,C:\Users\wzw\AppData\Local\Programs\MiKTeX\fonts\opentype\public\libertinus-fonts\LibertinusSans-Regular.otf
fig1_method_epidemic_diffusion,en,,,fig1_method_epidemic_diffusion:029,csf-fig1_method_epidemic_diffusion-lane-label-029,lane-label,Intervention and theory,"page-points, origin = BOTTOM-LEFT of the exported page; page = matplotlib tight bbox of the figure + savefig.pad_inches (0.05 in) per side (the page matplotlib actually writes for bbox_inches='tight'). center_x_pt/center_y_pt = centre of the rendered text bbox; anchor_x_pt/anchor_y_pt = matplotlib text anchor (equals the SVG/PDF text x/y only for va='baseline', otherwise it differs by the ascent/descent, a few pt); x_frac/y_frac = the centre as a 0-1 fraction of that page.",517.64,619.728,33.376,271.581,33.376,271.581,9.12,78.713,0.0645,0.4382,ax0,0.0583,0.4375,3.5,31.5,8.0,sans-serif,normal,normal,90.0,center,center,#7F7F7F,False,1,C:\Users\wzw\AppData\Local\Programs\MiKTeX\fonts\opentype\public\libertinus-fonts\LibertinusSans-Regular.otf
fig1_method_epidemic_diffusion,en,,,fig1_method_epidemic_diffusion:030,csf-fig1_method_epidemic_diffusion-lane-label-030,lane-label,Evaluation,"page-points, origin = BOTTOM-LEFT of the exported page; page = matplotlib tight bbox of the figure + savefig.pad_inches (0.05 in) per side (the page matplotlib actually writes for bbox_inches='tight'). center_x_pt/center_y_pt = centre of the rendered text bbox; anchor_x_pt/anchor_y_pt = matplotlib text anchor (equals the SVG/PDF text x/y only for va='baseline', otherwise it differs by the ascent/descent, a few pt); x_frac/y_frac = the centre as a 0-1 fraction of that page.",517.64,619.728,33.376,135.464,33.376,135.464,9.12,35.04,0.0645,0.2186,ax0,0.0583,0.2153,3.5,15.5,8.0,sans-serif,normal,normal,90.0,center,center,#7F7F7F,False,1,C:\Users\wzw\AppData\Local\Programs\MiKTeX\fonts\opentype\public\libertinus-fonts\LibertinusSans-Regular.otf
fig1_method_epidemic_diffusion,en,,,fig1_method_epidemic_diffusion:031,csf-fig1_method_epidemic_diffusion-annotation-031,annotation,contact,"page-points, origin = BOTTOM-LEFT of the exported page; page = matplotlib tight bbox of the figure + savefig.pad_inches (0.05 in) per side (the page matplotlib actually writes for bbox_inches='tight'). center_x_pt/center_y_pt = centre of the rendered text bbox; anchor_x_pt/anchor_y_pt = matplotlib text anchor (equals the SVG/PDF text x/y only for va='baseline', otherwise it differs by the ascent/descent, a few pt); x_frac/y_frac = the centre as a 0-1 fraction of that page.",517.64,619.728,131.21,475.757,131.21,475.757,21.84,8.094,0.2535,0.7677,ax0,0.25,0.7708,15.0,55.5,7.1,sans-serif,normal,normal,0.0,center,center,#1A1A1A,False,1,C:\Users\wzw\AppData\Local\Programs\MiKTeX\fonts\opentype\public\libertinus-fonts\LibertinusSans-Regular.otf
fig1_method_epidemic_diffusion,en,,,fig1_method_epidemic_diffusion:032,csf-fig1_method_epidemic_diffusion-annotation-032,annotation,contact rate,"page-points, origin = BOTTOM-LEFT of the exported page; page = matplotlib tight bbox of the figure + savefig.pad_inches (0.05 in) per side (the page matplotlib actually writes for bbox_inches='tight'). center_x_pt/center_y_pt = centre of the rendered text bbox; anchor_x_pt/anchor_y_pt = matplotlib text anchor (equals the SVG/PDF text x/y only for va='baseline', otherwise it differs by the ascent/descent, a few pt); x_frac/y_frac = the centre as a 0-1 fraction of that page.",517.64,619.728,292.85,475.757,292.85,475.757,35.04,8.094,0.5657,0.7677,ax0,0.5667,0.7708,34.0,55.5,7.1,sans-serif,normal,normal,0.0,center,center,#1A1A1A,False,1,C:\Users\wzw\AppData\Local\Programs\MiKTeX\fonts\opentype\public\libertinus-fonts\LibertinusSans-Regular.otf
fig1_method_epidemic_diffusion,en,,,fig1_method_epidemic_diffusion:033,csf-fig1_method_epidemic_diffusion-annotation-033,annotation,state,"page-points, origin = BOTTOM-LEFT of the exported page; page = matplotlib tight bbox of the figure + savefig.pad_inches (0.05 in) per side (the page matplotlib actually writes for bbox_inches='tight'). center_x_pt/center_y_pt = centre of the rendered text bbox; anchor_x_pt/anchor_y_pt = matplotlib text anchor (equals the SVG/PDF text x/y only for va='baseline', otherwise it differs by the ascent/descent, a few pt); x_frac/y_frac = the centre as a 0-1 fraction of that page.",517.64,619.728,212.03,407.699,212.03,407.699,14.16,8.094,0.4096,0.6579,ax0,0.4083,0.6597,24.5,47.5,7.1,sans-serif,normal,normal,0.0,center,center,#1A1A1A,False,1,C:\Users\wzw\AppData\Local\Programs\MiKTeX\fonts\opentype\public\libertinus-fonts\LibertinusSans-Regular.otf
fig1_method_epidemic_diffusion,en,,,fig1_method_epidemic_diffusion:034,csf-fig1_method_epidemic_diffusion-annotation-034,annotation,risk,"page-points, origin = BOTTOM-LEFT of the exported page; page = matplotlib tight bbox of the figure + savefig.pad_inches (0.05 in) per side (the page matplotlib actually writes for bbox_inches='tight'). center_x_pt/center_y_pt = centre of the rendered text bbox; anchor_x_pt/anchor_y_pt = matplotlib text anchor (equals the SVG/PDF text x/y only for va='baseline', otherwise it differs by the ascent/descent, a few pt); x_frac/y_frac = the centre as a 0-1 fraction of that page.",517.64,619.728,212.03,339.64,212.03,339.64,11.04,8.094,0.4096,0.548,ax0,0.4083,0.5486,24.5,39.5,7.1,sans-serif,normal,normal,0.0,center,center,#1A1A1A,False,1,C:\Users\wzw\AppData\Local\Programs\MiKTeX\fonts\opentype\public\libertinus-fonts\LibertinusSans-Regular.otf
fig1_method_epidemic_diffusion,en,,,fig1_method_epidemic_diffusion:035,csf-fig1_method_epidemic_diffusion-annotation-035,annotation,suppresses,"page-points, origin = BOTTOM-LEFT of the exported page; page = matplotlib tight bbox of the figure + savefig.pad_inches (0.05 in) per side (the page matplotlib actually writes for bbox_inches='tight'). center_x_pt/center_y_pt = centre of the rendered text bbox; anchor_x_pt/anchor_y_pt = matplotlib text anchor (equals the SVG/PDF text x/y only for va='baseline', otherwise it differs by the ascent/descent, a few pt); x_frac/y_frac = the centre as a 0-1 fraction of that page.",517.64,619.728,212.03,271.581,212.03,271.581,31.384,8.094,0.4096,0.4382,ax0,0.4083,0.4375,24.5,31.5,7.1,sans-serif,normal,normal,0.0,center,center,#1A1A1A,False,1,C:\Users\wzw\AppData\Local\Programs\MiKTeX\fonts\opentype\public\libertinus-fonts\LibertinusSans-Regular.otf
fig1_method_epidemic_diffusion,en,,,fig1_method_epidemic_diffusion:036,csf-fig1_method_epidemic_diffusion-annotation-036,annotation,forecast,"page-points, origin = BOTTOM-LEFT of the exported page; page = matplotlib tight bbox of the figure + savefig.pad_inches (0.05 in) per side (the page matplotlib actually writes for bbox_inches='tight'). center_x_pt/center_y_pt = centre of the rendered text bbox; anchor_x_pt/anchor_y_pt = matplotlib text anchor (equals the SVG/PDF text x/y only for va='baseline', otherwise it differs by the ascent/descent, a few pt); x_frac/y_frac = the centre as a 0-1 fraction of that page.",517.64,619.728,212.03,203.522,212.03,203.522,23.273,8.094,0.4096,0.3284,ax0,0.4083,0.3264,24.5,23.5,7.1,sans-serif,normal,normal,0.0,center,center,#1A1A1A,False,1,C:\Users\wzw\AppData\Local\Programs\MiKTeX\fonts\opentype\public\libertinus-fonts\LibertinusSans-Regular.otf
fig1_method_epidemic_diffusion,en,,,fig1_method_epidemic_diffusion:037,csf-fig1_method_epidemic_diffusion-annotation-037,annotation,threshold feedback,"page-points, origin = BOTTOM-LEFT of the exported page; page = matplotlib tight bbox of the figure + savefig.pad_inches (0.05 in) per side (the page matplotlib actually writes for bbox_inches='tight'). center_x_pt/center_y_pt = centre of the rendered text bbox; anchor_x_pt/anchor_y_pt = matplotlib text anchor (equals the SVG/PDF text x/y only for va='baseline', otherwise it differs by the ascent/descent, a few pt); x_frac/y_frac = the centre as a 0-1 fraction of that page.",517.64,619.728,212.03,203.522,212.03,203.522,55.481,8.094,0.4096,0.3284,ax0,0.4083,0.3264,24.5,23.5,7.1,sans-serif,normal,normal,0.0,center,center,#1A1A1A,False,1,C:\Users\wzw\AppData\Local\Programs\MiKTeX\fonts\opentype\public\libertinus-fonts\LibertinusSans-Regular.otf
fig1_method_epidemic_diffusion,en,,,fig1_method_epidemic_diffusion:038,csf-fig1_method_epidemic_diffusion-annotation-038,annotation,compare,"page-points, origin = BOTTOM-LEFT of the exported page; page = matplotlib tight bbox of the figure + savefig.pad_inches (0.05 in) per side (the page matplotlib actually writes for bbox_inches='tight'). center_x_pt/center_y_pt = centre of the rendered text bbox; anchor_x_pt/anchor_y_pt = matplotlib text anchor (equals the SVG/PDF text x/y only for va='baseline', otherwise it differs by the ascent/descent, a few pt); x_frac/y_frac = the centre as a 0-1 fraction of that page.",517.64,619.728,212.03,135.464,212.03,135.464,25.144,8.094,0.4096,0.2186,ax0,0.4083,0.2153,24.5,15.5,7.1,sans-serif,normal,normal,0.0,center,center,#1A1A1A,False,1,C:\Users\wzw\AppData\Local\Programs\MiKTeX\fonts\opentype\public\libertinus-fonts\LibertinusSans-Regular.otf
fig1_method_marl_coordination,en,,,fig1_method_marl_coordination:001,csf-fig1_method_marl_coordination-tick-001,tick,$\mathdefault{80}$,"page-points, origin = BOTTOM-LEFT of the exported page; page = matplotlib tight bbox of the figure + savefig.pad_inches (0.05 in) per side (the page matplotlib actually writes for bbox_inches='tight'). center_x_pt/center_y_pt = centre of the rendered text bbox; anchor_x_pt/anchor_y_pt = matplotlib text anchor (equals the SVG/PDF text x/y only for va='baseline', otherwise it differs by the ascent/descent, a few pt); x_frac/y_frac = the centre as a 0-1 fraction of that page.",517.64,476.805,-3.62,494.607,0.1,495.591,7.44,9.12,-0.007,1.0373,,,,,,8.0,sans-serif,normal,normal,0.0,right,center_baseline,black,True,1,C:\Users\wzw\AppData\Local\Programs\MiKTeX\fonts\opentype\public\libertinus-fonts\LibertinusSans-Regular.otf
fig1_method_marl_coordination,en,,,fig1_method_marl_coordination:002,csf-fig1_method_marl_coordination-tick-002,tick,$\mathdefault{70}$,"page-points, origin = BOTTOM-LEFT of the exported page; page = matplotlib tight bbox of the figure + savefig.pad_inches (0.05 in) per side (the page matplotlib actually writes for bbox_inches='tight'). center_x_pt/center_y_pt = centre of the rendered text bbox; anchor_x_pt/anchor_y_pt = matplotlib text anchor (equals the SVG/PDF text x/y only for va='baseline', otherwise it differs by the ascent/descent, a few pt); x_frac/y_frac = the centre as a 0-1 fraction of that page.",517.64,476.805,-3.62,433.108,0.1,434.092,7.44,9.12,-0.007,0.9084,,,,,,8.0,sans-serif,normal,normal,0.0,right,center_baseline,black,True,1,C:\Users\wzw\AppData\Local\Programs\MiKTeX\fonts\opentype\public\libertinus-fonts\LibertinusSans-Regular.otf
fig1_method_marl_coordination,en,,,fig1_method_marl_coordination:003,csf-fig1_method_marl_coordination-tick-003,tick,$\mathdefault{60}$,"page-points, origin = BOTTOM-LEFT of the exported page; page = matplotlib tight bbox of the figure + savefig.pad_inches (0.05 in) per side (the page matplotlib actually writes for bbox_inches='tight'). center_x_pt/center_y_pt = centre of the rendered text bbox; anchor_x_pt/anchor_y_pt = matplotlib text anchor (equals the SVG/PDF text x/y only for va='baseline', otherwise it differs by the ascent/descent, a few pt); x_frac/y_frac = the centre as a 0-1 fraction of that page.",517.64,476.805,-3.62,371.609,0.1,372.593,7.44,9.12,-0.007,0.7794,,,,,,8.0,sans-serif,normal,normal,0.0,right,center_baseline,black,True,1,C:\Users\wzw\AppData\Local\Programs\MiKTeX\fonts\opentype\public\libertinus-fonts\LibertinusSans-Regular.otf
fig1_method_marl_coordination,en,,,fig1_method_marl_coordination:004,csf-fig1_method_marl_coordination-tick-004,tick,$\mathdefault{50}$,"page-points, origin = BOTTOM-LEFT of the exported page; page = matplotlib tight bbox of the figure + savefig.pad_inches (0.05 in) per side (the page matplotlib actually writes for bbox_inches='tight'). center_x_pt/center_y_pt = centre of the rendered text bbox; anchor_x_pt/anchor_y_pt = matplotlib text anchor (equals the SVG/PDF text x/y only for va='baseline', otherwise it differs by the ascent/descent, a few pt); x_frac/y_frac = the centre as a 0-1 fraction of that page.",517.64,476.805,-3.62,310.11,0.1,311.094,7.44,9.12,-0.007,0.6504,,,,,,8.0,sans-serif,normal,normal,0.0,right,center_baseline,black,True,1,C:\Users\wzw\AppData\Local\Programs\MiKTeX\fonts\opentype\public\libertinus-fonts\LibertinusSans-Regular.otf
fig1_method_marl_coordination,en,,,fig1_method_marl_coordination:005,csf-fig1_method_marl_coordination-tick-005,tick,$\mathdefault{40}$,"page-points, origin = BOTTOM-LEFT of the exported page; page = matplotlib tight bbox of the figure + savefig.pad_inches (0.05 in) per side (the page matplotlib actually writes for bbox_inches='tight'). center_x_pt/center_y_pt = centre of the rendered text bbox; anchor_x_pt/anchor_y_pt = matplotlib text anchor (equals the SVG/PDF text x/y only for va='baseline', otherwise it differs by the ascent/descent, a few pt); x_frac/y_frac = the centre as a 0-1 fraction of that page.",517.64,476.805,-3.62,248.611,0.1,249.595,7.44,9.12,-0.007,0.5214,,,,,,8.0,sans-serif,normal,normal,0.0,right,center_baseline,black,True,1,C:\Users\wzw\AppData\Local\Programs\MiKTeX\fonts\opentype\public\libertinus-fonts\LibertinusSans-Regular.otf
fig1_method_marl_coordination,en,,,fig1_method_marl_coordination:006,csf-fig1_method_marl_coordination-tick-006,tick,$\mathdefault{30}$,"page-points, origin = BOTTOM-LEFT of the exported page; page = matplotlib tight bbox of the figure + savefig.pad_inches (0.05 in) per side (the page matplotlib actually writes for bbox_inches='tight'). center_x_pt/center_y_pt = centre of the rendered text bbox; anchor_x_pt/anchor_y_pt = matplotlib text anchor (equals the SVG/PDF text x/y only for va='baseline', otherwise it differs by the ascent/descent, a few pt); x_frac/y_frac = the centre as a 0-1 fraction of that page.",517.64,476.805,-3.62,187.112,0.1,188.096,7.44,9.12,-0.007,0.3924,,,,,,8.0,sans-serif,normal,normal,0.0,right,center_baseline,black,True,1,C:\Users\wzw\AppData\Local\Programs\MiKTeX\fonts\opentype\public\libertinus-fonts\LibertinusSans-Regular.otf
fig1_method_marl_coordination,en,,,fig1_method_marl_coordination:007,csf-fig1_method_marl_coordination-tick-007,tick,$\mathdefault{20}$,"page-points, origin = BOTTOM-LEFT of the exported page; page = matplotlib tight bbox of the figure + savefig.pad_inches (0.05 in) per side (the page matplotlib actually writes for bbox_inches='tight'). center_x_pt/center_y_pt = centre of the rendered text bbox; anchor_x_pt/anchor_y_pt = matplotlib text anchor (equals the SVG/PDF text x/y only for va='baseline', otherwise it differs by the ascent/descent, a few pt); x_frac/y_frac = the centre as a 0-1 fraction of that page.",517.64,476.805,-3.62,125.614,0.1,126.598,7.44,9.12,-0.007,0.2634,,,,,,8.0,sans-serif,normal,normal,0.0,right,center_baseline,black,True,1,C:\Users\wzw\AppData\Local\Programs\MiKTeX\fonts\opentype\public\libertinus-fonts\LibertinusSans-Regular.otf
fig1_method_marl_coordination,en,,,fig1_method_marl_coordination:008,csf-fig1_method_marl_coordination-tick-008,tick,$\mathdefault{10}$,"page-points, origin = BOTTOM-LEFT of the exported page; page = matplotlib tight bbox of the figure + savefig.pad_inches (0.05 in) per side (the page matplotlib actually writes for bbox_inches='tight'). center_x_pt/center_y_pt = centre of the rendered text bbox; anchor_x_pt/anchor_y_pt = matplotlib text anchor (equals the SVG/PDF text x/y only for va='baseline', otherwise it differs by the ascent/descent, a few pt); x_frac/y_frac = the centre as a 0-1 fraction of that page.",517.64,476.805,-3.62,64.115,0.1,65.099,7.44,9.12,-0.007,0.1345,,,,,,8.0,sans-serif,normal,normal,0.0,right,center_baseline,black,True,1,C:\Users\wzw\AppData\Local\Programs\MiKTeX\fonts\opentype\public\libertinus-fonts\LibertinusSans-Regular.otf
fig1_method_marl_coordination,en,,,fig1_method_marl_coordination:009,csf-fig1_method_marl_coordination-tick-009,tick,$\mathdefault{0}$,"page-points, origin = BOTTOM-LEFT of the exported page; page = matplotlib tight bbox of the figure + savefig.pad_inches (0.05 in) per side (the page matplotlib actually writes for bbox_inches='tight'). center_x_pt/center_y_pt = centre of the rendered text bbox; anchor_x_pt/anchor_y_pt = matplotlib text anchor (equals the SVG/PDF text x/y only for va='baseline', otherwise it differs by the ascent/descent, a few pt); x_frac/y_frac = the centre as a 0-1 fraction of that page.",517.64,476.805,-1.82,2.616,0.1,3.6,3.84,9.12,-0.0035,0.0055,,,,,,8.0,sans-serif,normal,normal,0.0,right,center_baseline,black,True,1,C:\Users\wzw\AppData\Local\Programs\MiKTeX\fonts\opentype\public\libertinus-fonts\LibertinusSans-Regular.otf
fig1_method_marl_coordination,en,,,fig1_method_marl_coordination:010,csf-fig1_method_marl_coordination-tick-010,tick,$\mathdefault{0}$,"page-points, origin = BOTTOM-LEFT of the exported page; page = matplotlib tight bbox of the figure + savefig.pad_inches (0.05 in) per side (the page matplotlib actually writes for bbox_inches='tight'). center_x_pt/center_y_pt = centre of the rendered text bbox; anchor_x_pt/anchor_y_pt = matplotlib text anchor (equals the SVG/PDF text x/y only for va='baseline', otherwise it differs by the ascent/descent, a few pt); x_frac/y_frac = the centre as a 0-1 fraction of that page.",517.64,476.805,3.6,-4.46,3.6,0.1,3.84,9.12,0.007,-0.0094,,,,,,8.0,sans-serif,normal,normal,0.0,center,top,black,True,1,C:\Users\wzw\AppData\Local\Programs\MiKTeX\fonts\opentype\public\libertinus-fonts\LibertinusSans-Regular.otf
fig1_method_marl_coordination,en,,,fig1_method_marl_coordination:011,csf-fig1_method_marl_coordination-tick-011,tick,$\mathdefault{10}$,"page-points, origin = BOTTOM-LEFT of the exported page; page = matplotlib tight bbox of the figure + savefig.pad_inches (0.05 in) per side (the page matplotlib actually writes for bbox_inches='tight'). center_x_pt/center_y_pt = centre of the rendered text bbox; anchor_x_pt/anchor_y_pt = matplotlib text anchor (equals the SVG/PDF text x/y only for va='baseline', otherwise it differs by the ascent/descent, a few pt); x_frac/y_frac = the centre as a 0-1 fraction of that page.",517.64,476.805,65.099,-4.46,65.099,0.1,7.44,9.12,0.1258,-0.0094,,,,,,8.0,sans-serif,normal,normal,0.0,center,top,black,True,1,C:\Users\wzw\AppData\Local\Programs\MiKTeX\fonts\opentype\public\libertinus-fonts\LibertinusSans-Regular.otf
fig1_method_marl_coordination,en,,,fig1_method_marl_coordination:012,csf-fig1_method_marl_coordination-tick-012,tick,$\mathdefault{20}$,"page-points, origin = BOTTOM-LEFT of the exported page; page = matplotlib tight bbox of the figure + savefig.pad_inches (0.05 in) per side (the page matplotlib actually writes for bbox_inches='tight'). center_x_pt/center_y_pt = centre of the rendered text bbox; anchor_x_pt/anchor_y_pt = matplotlib text anchor (equals the SVG/PDF text x/y only for va='baseline', otherwise it differs by the ascent/descent, a few pt); x_frac/y_frac = the centre as a 0-1 fraction of that page.",517.64,476.805,126.598,-4.46,126.598,0.1,7.44,9.12,0.2446,-0.0094,,,,,,8.0,sans-serif,normal,normal,0.0,center,top,black,True,1,C:\Users\wzw\AppData\Local\Programs\MiKTeX\fonts\opentype\public\libertinus-fonts\LibertinusSans-Regular.otf
fig1_method_marl_coordination,en,,,fig1_method_marl_coordination:013,csf-fig1_method_marl_coordination-tick-013,tick,$\mathdefault{30}$,"page-points, origin = BOTTOM-LEFT of the exported page; page = matplotlib tight bbox of the figure + savefig.pad_inches (0.05 in) per side (the page matplotlib actually writes for bbox_inches='tight'). center_x_pt/center_y_pt = centre of the rendered text bbox; anchor_x_pt/anchor_y_pt = matplotlib text anchor (equals the SVG/PDF text x/y only for va='baseline', otherwise it differs by the ascent/descent, a few pt); x_frac/y_frac = the centre as a 0-1 fraction of that page.",517.64,476.805,188.096,-4.46,188.096,0.1,7.44,9.12,0.3634,-0.0094,,,,,,8.0,sans-serif,normal,normal,0.0,center,top,black,True,1,C:\Users\wzw\AppData\Local\Programs\MiKTeX\fonts\opentype\public\libertinus-fonts\LibertinusSans-Regular.otf
fig1_method_marl_coordination,en,,,fig1_method_marl_coordination:014,csf-fig1_method_marl_coordination-tick-014,tick,$\mathdefault{40}$,"page-points, origin = BOTTOM-LEFT of the exported page; page = matplotlib tight bbox of the figure + savefig.pad_inches (0.05 in) per side (the page matplotlib actually writes for bbox_inches='tight'). center_x_pt/center_y_pt = centre of the rendered text bbox; anchor_x_pt/anchor_y_pt = matplotlib text anchor (equals the SVG/PDF text x/y only for va='baseline', otherwise it differs by the ascent/descent, a few pt); x_frac/y_frac = the centre as a 0-1 fraction of that page.",517.64,476.805,249.595,-4.46,249.595,0.1,7.44,9.12,0.4822,-0.0094,,,,,,8.0,sans-serif,normal,normal,0.0,center,top,black,True,1,C:\Users\wzw\AppData\Local\Programs\MiKTeX\fonts\opentype\public\libertinus-fonts\LibertinusSans-Regular.otf
fig1_method_marl_coordination,en,,,fig1_method_marl_coordination:015,csf-fig1_method_marl_coordination-tick-015,tick,$\mathdefault{50}$,"page-points, origin = BOTTOM-LEFT of the exported page; page = matplotlib tight bbox of the figure + savefig.pad_inches (0.05 in) per side (the page matplotlib actually writes for bbox_inches='tight'). center_x_pt/center_y_pt = centre of the rendered text bbox; anchor_x_pt/anchor_y_pt = matplotlib text anchor (equals the SVG/PDF text x/y only for va='baseline', otherwise it differs by the ascent/descent, a few pt); x_frac/y_frac = the centre as a 0-1 fraction of that page.",517.64,476.805,311.094,-4.46,311.094,0.1,7.44,9.12,0.601,-0.0094,,,,,,8.0,sans-serif,normal,normal,0.0,center,top,black,True,1,C:\Users\wzw\AppData\Local\Programs\MiKTeX\fonts\opentype\public\libertinus-fonts\LibertinusSans-Regular.otf
fig1_method_marl_coordination,en,,,fig1_method_marl_coordination:016,csf-fig1_method_marl_coordination-tick-016,tick,$\mathdefault{60}$,"page-points, origin = BOTTOM-LEFT of the exported page; page = matplotlib tight bbox of the figure + savefig.pad_inches (0.05 in) per side (the page matplotlib actually writes for bbox_inches='tight'). center_x_pt/center_y_pt = centre of the rendered text bbox; anchor_x_pt/anchor_y_pt = matplotlib text anchor (equals the SVG/PDF text x/y only for va='baseline', otherwise it differs by the ascent/descent, a few pt); x_frac/y_frac = the centre as a 0-1 fraction of that page.",517.64,476.805,372.593,-4.46,372.593,0.1,7.44,9.12,0.7198,-0.0094,,,,,,8.0,sans-serif,normal,normal,0.0,center,top,black,True,1,C:\Users\wzw\AppData\Local\Programs\MiKTeX\fonts\opentype\public\libertinus-fonts\LibertinusSans-Regular.otf
fig1_method_marl_coordination,en,,,fig1_method_marl_coordination:017,csf-fig1_method_marl_coordination-tick-017,tick,$\mathdefault{70}$,"page-points, origin = BOTTOM-LEFT of the exported page; page = matplotlib tight bbox of the figure + savefig.pad_inches (0.05 in) per side (the page matplotlib actually writes for bbox_inches='tight'). center_x_pt/center_y_pt = centre of the rendered text bbox; anchor_x_pt/anchor_y_pt = matplotlib text anchor (equals the SVG/PDF text x/y only for va='baseline', otherwise it differs by the ascent/descent, a few pt); x_frac/y_frac = the centre as a 0-1 fraction of that page.",517.64,476.805,434.092,-4.46,434.092,0.1,7.44,9.12,0.8386,-0.0094,,,,,,8.0,sans-serif,normal,normal,0.0,center,top,black,True,1,C:\Users\wzw\AppData\Local\Programs\MiKTeX\fonts\opentype\public\libertinus-fonts\LibertinusSans-Regular.otf
fig1_method_marl_coordination,en,,,fig1_method_marl_coordination:018,csf-fig1_method_marl_coordination-tick-018,tick,$\mathdefault{80}$,"page-points, origin = BOTTOM-LEFT of the exported page; page = matplotlib tight bbox of the figure + savefig.pad_inches (0.05 in) per side (the page matplotlib actually writes for bbox_inches='tight'). center_x_pt/center_y_pt = centre of the rendered text bbox; anchor_x_pt/anchor_y_pt = matplotlib text anchor (equals the SVG/PDF text x/y only for va='baseline', otherwise it differs by the ascent/descent, a few pt); x_frac/y_frac = the centre as a 0-1 fraction of that page.",517.64,476.805,495.591,-4.46,495.591,0.1,7.44,9.12,0.9574,-0.0094,,,,,,8.0,sans-serif,normal,normal,0.0,center,top,black,True,1,C:\Users\wzw\AppData\Local\Programs\MiKTeX\fonts\opentype\public\libertinus-fonts\LibertinusSans-Regular.otf
fig1_method_marl_coordination,en,,,fig1_method_marl_coordination:019,csf-fig1_method_marl_coordination-tick-019,tick,$\mathdefault{90}$,"page-points, origin = BOTTOM-LEFT of the exported page; page = matplotlib tight bbox of the figure + savefig.pad_inches (0.05 in) per side (the page matplotlib actually writes for bbox_inches='tight'). center_x_pt/center_y_pt = centre of the rendered text bbox; anchor_x_pt/anchor_y_pt = matplotlib text anchor (equals the SVG/PDF text x/y only for va='baseline', otherwise it differs by the ascent/descent, a few pt); x_frac/y_frac = the centre as a 0-1 fraction of that page.",517.64,476.805,557.089,-4.46,557.089,0.1,7.44,9.12,1.0762,-0.0094,,,,,,8.0,sans-serif,normal,normal,0.0,center,top,black,True,1,C:\Users\wzw\AppData\Local\Programs\MiKTeX\fonts\opentype\public\libertinus-fonts\LibertinusSans-Regular.otf
fig1_method_marl_coordination,en,,,fig1_method_marl_coordination:020,csf-fig1_method_marl_coordination-legend-020,legend,Data flow,"page-points, origin = BOTTOM-LEFT of the exported page; page = matplotlib tight bbox of the figure + savefig.pad_inches (0.05 in) per side (the page matplotlib actually writes for bbox_inches='tight'). center_x_pt/center_y_pt = centre of the rendered text bbox; anchor_x_pt/anchor_y_pt = matplotlib text anchor (equals the SVG/PDF text x/y only for va='baseline', otherwise it differs by the ascent/descent, a few pt); x_frac/y_frac = the centre as a 0-1 fraction of that page.",517.64,476.805,362.129,61.409,347.993,61.409,28.271,7.98,0.6996,0.1288,ax0,0.6747,0.1231,56.0,9.4,7.0,sans-serif,normal,normal,0.0,left,center,#4D4D4D,False,1,C:\Users\wzw\AppData\Local\Programs\MiKTeX\fonts\opentype\public\libertinus-fonts\LibertinusSans-Regular.otf
fig1_method_marl_coordination,en,,,fig1_method_marl_coordination:021,csf-fig1_method_marl_coordination-legend-021,legend,Feedback loop,"page-points, origin = BOTTOM-LEFT of the exported page; page = matplotlib tight bbox of the figure + savefig.pad_inches (0.05 in) per side (the page matplotlib actually writes for bbox_inches='tight'). center_x_pt/center_y_pt = centre of the rendered text bbox; anchor_x_pt/anchor_y_pt = matplotlib text anchor (equals the SVG/PDF text x/y only for va='baseline', otherwise it differs by the ascent/descent, a few pt); x_frac/y_frac = the centre as a 0-1 fraction of that page.",517.64,476.805,368.707,42.959,347.993,42.959,41.426,7.98,0.7123,0.0901,ax0,0.6747,0.0838,56.0,6.4,7.0,sans-serif,normal,normal,0.0,left,center,#D62728,False,1,C:\Users\wzw\AppData\Local\Programs\MiKTeX\fonts\opentype\public\libertinus-fonts\LibertinusSans-Regular.otf
fig1_method_marl_coordination,en,,,fig1_method_marl_coordination:022,csf-fig1_method_marl_coordination-node-022,node,"Cooperative environment
partially observable","page-points, origin = BOTTOM-LEFT of the exported page; page = matplotlib tight bbox of the figure + savefig.pad_inches (0.05 in) per side (the page matplotlib actually writes for bbox_inches='tight'). center_x_pt/center_y_pt = centre of the rendered text bbox; anchor_x_pt/anchor_y_pt = matplotlib text anchor (equals the SVG/PDF text x/y only for va='baseline', otherwise it differs by the ascent/descent, a few pt); x_frac/y_frac = the centre as a 0-1 fraction of that page.",517.64,476.805,95.848,420.931,95.848,420.931,89.505,33.915,0.1852,0.8828,ax0,0.1807,0.8887,15.0,67.86,8.5,sans-serif,normal,normal,0.0,center,center,#1A1A1A,False,2,C:\Users\wzw\AppData\Local\Programs\MiKTeX\fonts\opentype\public\libertinus-fonts\LibertinusSans-Regular.otf
fig1_method_marl_coordination,en,,,fig1_method_marl_coordination:023,csf-fig1_method_marl_coordination-node-023,node,"Global reward
shared / individual","page-points, origin = BOTTOM-LEFT of the exported page; page = matplotlib tight bbox of the figure + savefig.pad_inches (0.05 in) per side (the page matplotlib actually writes for bbox_inches='tight'). center_x_pt/center_y_pt = centre of the rendered text bbox; anchor_x_pt/anchor_y_pt = matplotlib text anchor (equals the SVG/PDF text x/y only for va='baseline', otherwise it differs by the ascent/descent, a few pt); x_frac/y_frac = the centre as a 0-1 fraction of that page.",517.64,476.805,212.696,420.931,212.696,420.931,65.272,33.915,0.4109,0.8828,ax0,0.4096,0.8887,34.0,67.86,8.5,sans-serif,normal,normal,0.0,center,center,#1A1A1A,False,2,C:\Users\wzw\AppData\Local\Programs\MiKTeX\fonts\opentype\public\libertinus-fonts\LibertinusSans-Regular.otf
fig1_method_marl_coordination,en,,,fig1_method_marl_coordination:024,csf-fig1_method_marl_coordination-node-024,node,"Local observation
$o_i$","page-points, origin = BOTTOM-LEFT of the exported page; page = matplotlib tight bbox of the figure + savefig.pad_inches (0.05 in) per side (the page matplotlib actually writes for bbox_inches='tight'). center_x_pt/center_y_pt = centre of the rendered text bbox; anchor_x_pt/anchor_y_pt = matplotlib text anchor (equals the SVG/PDF text x/y only for va='baseline', otherwise it differs by the ascent/descent, a few pt); x_frac/y_frac = the centre as a 0-1 fraction of that page.",517.64,476.805,95.848,322.533,95.848,322.533,61.628,33.915,0.1852,0.6764,ax0,0.1807,0.6792,15.0,51.86,8.5,sans-serif,normal,normal,0.0,center,center,#1A1A1A,True,2,C:\Users\wzw\AppData\Local\Programs\MiKTeX\fonts\opentype\public\libertinus-fonts\LibertinusSans-Regular.otf
fig1_method_marl_coordination,en,,,fig1_method_marl_coordination:025,csf-fig1_method_marl_coordination-node-025,node,"Execution policy
$\pi_i(a_i\,|\,o_i)$","page-points, origin = BOTTOM-LEFT of the exported page; page = matplotlib tight bbox of the figure + savefig.pad_inches (0.05 in) per side (the page matplotlib actually writes for bbox_inches='tight'). center_x_pt/center_y_pt = centre of the rendered text bbox; anchor_x_pt/anchor_y_pt = matplotlib text anchor (equals the SVG/PDF text x/y only for va='baseline', otherwise it differs by the ascent/descent, a few pt); x_frac/y_frac = the centre as a 0-1 fraction of that page.",517.64,476.805,212.696,322.533,212.696,322.533,57.72,33.915,0.4109,0.6764,ax0,0.4096,0.6792,34.0,51.86,8.5,sans-serif,normal,normal,0.0,center,center,#1A1A1A,True,2,C:\Users\wzw\AppData\Local\Programs\MiKTeX\fonts\opentype\public\libertinus-fonts\LibertinusSans-Regular.otf
fig1_method_marl_coordination,en,,,fig1_method_marl_coordination:026,csf-fig1_method_marl_coordination-node-026,node,"Joint action
$\boldsymbol{a}$","page-points, origin = BOTTOM-LEFT of the exported page; page = matplotlib tight bbox of the figure + savefig.pad_inches (0.05 in) per side (the page matplotlib actually writes for bbox_inches='tight'). center_x_pt/center_y_pt = centre of the rendered text bbox; anchor_x_pt/anchor_y_pt = matplotlib text anchor (equals the SVG/PDF text x/y only for va='baseline', otherwise it differs by the ascent/descent, a few pt); x_frac/y_frac = the centre as a 0-1 fraction of that page.",517.64,476.805,329.544,322.533,329.544,322.533,40.32,33.915,0.6366,0.6764,ax0,0.6386,0.6792,53.0,51.86,8.5,sans-serif,normal,normal,0.0,center,center,#1A1A1A,True,2,C:\Users\wzw\AppData\Local\Programs\MiKTeX\fonts\opentype\public\libertinus-fonts\LibertinusSans-Regular.otf
fig1_method_marl_coordination,en,,,fig1_method_marl_coordination:027,csf-fig1_method_marl_coordination-node-027,node,"Global state
$s$ (training only)","page-points, origin = BOTTOM-LEFT of the exported page; page = matplotlib tight bbox of the figure + savefig.pad_inches (0.05 in) per side (the page matplotlib actually writes for bbox_inches='tight'). center_x_pt/center_y_pt = centre of the rendered text bbox; anchor_x_pt/anchor_y_pt = matplotlib text anchor (equals the SVG/PDF text x/y only for va='baseline', otherwise it differs by the ascent/descent, a few pt); x_frac/y_frac = the centre as a 0-1 fraction of that page.",517.64,476.805,95.848,224.135,95.848,224.135,57.12,33.915,0.1852,0.4701,ax0,0.1807,0.4696,15.0,35.86,8.5,sans-serif,normal,normal,0.0,center,center,#1A1A1A,True,2,C:\Users\wzw\AppData\Local\Programs\MiKTeX\fonts\opentype\public\libertinus-fonts\LibertinusSans-Regular.otf
fig1_method_marl_coordination,en,,,fig1_method_marl_coordination:028,csf-fig1_method_marl_coordination-node-028,node,"Mixing network
$Q_{tot}=f(Q_i;\,s)$","page-points, origin = BOTTOM-LEFT of the exported page; page = matplotlib tight bbox of the figure + savefig.pad_inches (0.05 in) per side (the page matplotlib actually writes for bbox_inches='tight'). center_x_pt/center_y_pt = centre of the rendered text bbox; anchor_x_pt/anchor_y_pt = matplotlib text anchor (equals the SVG/PDF text x/y only for va='baseline', otherwise it differs by the ascent/descent, a few pt); x_frac/y_frac = the centre as a 0-1 fraction of that page.",517.64,476.805,212.696,224.135,212.696,224.135,55.852,33.915,0.4109,0.4701,ax0,0.4096,0.4696,34.0,35.86,8.5,sans-serif,normal,normal,0.0,center,center,#1A1A1A,True,2,C:\Users\wzw\AppData\Local\Programs\MiKTeX\fonts\opentype\public\libertinus-fonts\LibertinusSans-Regular.otf
fig1_method_marl_coordination,en,,,fig1_method_marl_coordination:029,csf-fig1_method_marl_coordination-node-029,node,"Credit assignment
monotonicity / IGM constraint","page-points, origin = BOTTOM-LEFT of the exported page; page = matplotlib tight bbox of the figure + savefig.pad_inches (0.05 in) per side (the page matplotlib actually writes for bbox_inches='tight'). center_x_pt/center_y_pt = centre of the rendered text bbox; anchor_x_pt/anchor_y_pt = matplotlib text anchor (equals the SVG/PDF text x/y only for va='baseline', otherwise it differs by the ascent/descent, a few pt); x_frac/y_frac = the centre as a 0-1 fraction of that page.",517.64,476.805,329.544,224.135,329.544,224.135,107.52,33.915,0.6366,0.4701,ax0,0.6386,0.4696,53.0,35.86,8.5,sans-serif,normal,normal,0.0,center,center,#1A1A1A,False,2,C:\Users\wzw\AppData\Local\Programs\MiKTeX\fonts\opentype\public\libertinus-fonts\LibertinusSans-Regular.otf
fig1_method_marl_coordination,en,,,fig1_method_marl_coordination:030,csf-fig1_method_marl_coordination-node-030,node,"Replay buffer
$(\boldsymbol{o},\boldsymbol{a},r,s')$","page-points, origin = BOTTOM-LEFT of the exported page; page = matplotlib tight bbox of the figure + savefig.pad_inches (0.05 in) per side (the page matplotlib actually writes for bbox_inches='tight'). center_x_pt/center_y_pt = centre of the rendered text bbox; anchor_x_pt/anchor_y_pt = matplotlib text anchor (equals the SVG/PDF text x/y only for va='baseline', otherwise it differs by the ascent/descent, a few pt); x_frac/y_frac = the centre as a 0-1 fraction of that page.",517.64,476.805,446.392,224.135,446.392,224.135,47.04,33.915,0.8624,0.4701,ax0,0.8675,0.4696,72.0,35.86,8.5,sans-serif,normal,normal,0.0,center,center,#1A1A1A,True,2,C:\Users\wzw\AppData\Local\Programs\MiKTeX\fonts\opentype\public\libertinus-fonts\LibertinusSans-Regular.otf
fig1_method_marl_coordination,en,,,fig1_method_marl_coordination:031,csf-fig1_method_marl_coordination-node-031,node,"Coordination metrics
return, coordination, steps to converge","page-points, origin = BOTTOM-LEFT of the exported page; page = matplotlib tight bbox of the figure + savefig.pad_inches (0.05 in) per side (the page matplotlib actually writes for bbox_inches='tight'). center_x_pt/center_y_pt = centre of the rendered text bbox; anchor_x_pt/anchor_y_pt = matplotlib text anchor (equals the SVG/PDF text x/y only for va='baseline', otherwise it differs by the ascent/descent, a few pt); x_frac/y_frac = the centre as a 0-1 fraction of that page.",517.64,476.805,95.848,125.737,95.848,125.737,135.697,33.915,0.1852,0.2637,ax0,0.1807,0.2601,15.0,19.86,8.5,sans-serif,normal,normal,0.0,center,center,#1A1A1A,False,2,C:\Users\wzw\AppData\Local\Programs\MiKTeX\fonts\opentype\public\libertinus-fonts\LibertinusSans-Regular.otf
fig1_method_marl_coordination,en,,,fig1_method_marl_coordination:032,csf-fig1_method_marl_coordination-lane-label-032,lane-label,Environment,"page-points, origin = BOTTOM-LEFT of the exported page; page = matplotlib tight bbox of the figure + savefig.pad_inches (0.05 in) per side (the page matplotlib actually writes for bbox_inches='tight'). center_x_pt/center_y_pt = centre of the rendered text bbox; anchor_x_pt/anchor_y_pt = matplotlib text anchor (equals the SVG/PDF text x/y only for va='baseline', otherwise it differs by the ascent/descent, a few pt); x_frac/y_frac = the centre as a 0-1 fraction of that page.",517.64,476.805,25.125,420.931,25.125,420.931,9.12,42.656,0.0485,0.8828,ax0,0.0422,0.8887,3.5,67.86,8.0,sans-serif,normal,normal,90.0,center,center,#7F7F7F,False,1,C:\Users\wzw\AppData\Local\Programs\MiKTeX\fonts\opentype\public\libertinus-fonts\LibertinusSans-Regular.otf
fig1_method_marl_coordination,en,,,fig1_method_marl_coordination:033,csf-fig1_method_marl_coordination-lane-label-033,lane-label,Decentralised execution,"page-points, origin = BOTTOM-LEFT of the exported page; page = matplotlib tight bbox of the figure + savefig.pad_inches (0.05 in) per side (the page matplotlib actually writes for bbox_inches='tight'). center_x_pt/center_y_pt = centre of the rendered text bbox; anchor_x_pt/anchor_y_pt = matplotlib text anchor (equals the SVG/PDF text x/y only for va='baseline', otherwise it differs by the ascent/descent, a few pt); x_frac/y_frac = the centre as a 0-1 fraction of that page.",517.64,476.805,25.125,322.533,25.125,322.533,9.12,78.833,0.0485,0.6764,ax0,0.0422,0.6792,3.5,51.86,8.0,sans-serif,normal,normal,90.0,center,center,#7F7F7F,False,1,C:\Users\wzw\AppData\Local\Programs\MiKTeX\fonts\opentype\public\libertinus-fonts\LibertinusSans-Regular.otf
fig1_method_marl_coordination,en,,,fig1_method_marl_coordination:034,csf-fig1_method_marl_coordination-lane-label-034,lane-label,Centralised training,"page-points, origin = BOTTOM-LEFT of the exported page; page = matplotlib tight bbox of the figure + savefig.pad_inches (0.05 in) per side (the page matplotlib actually writes for bbox_inches='tight'). center_x_pt/center_y_pt = centre of the rendered text bbox; anchor_x_pt/anchor_y_pt = matplotlib text anchor (equals the SVG/PDF text x/y only for va='baseline', otherwise it differs by the ascent/descent, a few pt); x_frac/y_frac = the centre as a 0-1 fraction of that page.",517.64,476.805,25.125,224.135,25.125,224.135,9.12,66.296,0.0485,0.4701,ax0,0.0422,0.4696,3.5,35.86,8.0,sans-serif,normal,normal,90.0,center,center,#7F7F7F,False,1,C:\Users\wzw\AppData\Local\Programs\MiKTeX\fonts\opentype\public\libertinus-fonts\LibertinusSans-Regular.otf
fig1_method_marl_coordination,en,,,fig1_method_marl_coordination:035,csf-fig1_method_marl_coordination-lane-label-035,lane-label,Evaluation,"page-points, origin = BOTTOM-LEFT of the exported page; page = matplotlib tight bbox of the figure + savefig.pad_inches (0.05 in) per side (the page matplotlib actually writes for bbox_inches='tight'). center_x_pt/center_y_pt = centre of the rendered text bbox; anchor_x_pt/anchor_y_pt = matplotlib text anchor (equals the SVG/PDF text x/y only for va='baseline', otherwise it differs by the ascent/descent, a few pt); x_frac/y_frac = the centre as a 0-1 fraction of that page.",517.64,476.805,25.125,125.737,25.125,125.737,9.12,35.04,0.0485,0.2637,ax0,0.0422,0.2601,3.5,19.86,8.0,sans-serif,normal,normal,90.0,center,center,#7F7F7F,False,1,C:\Users\wzw\AppData\Local\Programs\MiKTeX\fonts\opentype\public\libertinus-fonts\LibertinusSans-Regular.otf
fig1_method_marl_coordination,en,,,fig1_method_marl_coordination:036,csf-fig1_method_marl_coordination-annotation-036,annotation,environment step,"page-points, origin = BOTTOM-LEFT of the exported page; page = matplotlib tight bbox of the figure + savefig.pad_inches (0.05 in) per side (the page matplotlib actually writes for bbox_inches='tight'). center_x_pt/center_y_pt = centre of the rendered text bbox; anchor_x_pt/anchor_y_pt = matplotlib text anchor (equals the SVG/PDF text x/y only for va='baseline', otherwise it differs by the ascent/descent, a few pt); x_frac/y_frac = the centre as a 0-1 fraction of that page.",517.64,476.805,154.272,420.931,154.272,420.931,51.064,8.094,0.298,0.8828,ax0,0.2952,0.8887,24.5,67.86,7.1,sans-serif,normal,normal,0.0,center,center,#1A1A1A,False,1,C:\Users\wzw\AppData\Local\Programs\MiKTeX\fonts\opentype\public\libertinus-fonts\LibertinusSans-Regular.otf
fig1_method_marl_coordination,en,,,fig1_method_marl_coordination:037,csf-fig1_method_marl_coordination-annotation-037,annotation,observation,"page-points, origin = BOTTOM-LEFT of the exported page; page = matplotlib tight bbox of the figure + savefig.pad_inches (0.05 in) per side (the page matplotlib actually writes for bbox_inches='tight'). center_x_pt/center_y_pt = centre of the rendered text bbox; anchor_x_pt/anchor_y_pt = matplotlib text anchor (equals the SVG/PDF text x/y only for va='baseline', otherwise it differs by the ascent/descent, a few pt); x_frac/y_frac = the centre as a 0-1 fraction of that page.",517.64,476.805,95.848,371.732,95.848,371.732,34.425,8.094,0.1852,0.7796,ax0,0.1807,0.7839,15.0,59.86,7.1,sans-serif,normal,normal,0.0,center,center,#1A1A1A,False,1,C:\Users\wzw\AppData\Local\Programs\MiKTeX\fonts\opentype\public\libertinus-fonts\LibertinusSans-Regular.otf
fig1_method_marl_coordination,en,,,fig1_method_marl_coordination:038,csf-fig1_method_marl_coordination-annotation-038,annotation,environment reward,"page-points, origin = BOTTOM-LEFT of the exported page; page = matplotlib tight bbox of the figure + savefig.pad_inches (0.05 in) per side (the page matplotlib actually writes for bbox_inches='tight'). center_x_pt/center_y_pt = centre of the rendered text bbox; anchor_x_pt/anchor_y_pt = matplotlib text anchor (equals the SVG/PDF text x/y only for va='baseline', otherwise it differs by the ascent/descent, a few pt); x_frac/y_frac = the centre as a 0-1 fraction of that page.",517.64,476.805,329.544,371.732,329.544,371.732,59.543,8.094,0.6366,0.7796,ax0,0.6386,0.7839,53.0,59.86,7.1,sans-serif,normal,normal,0.0,center,center,#1A1A1A,False,1,C:\Users\wzw\AppData\Local\Programs\MiKTeX\fonts\opentype\public\libertinus-fonts\LibertinusSans-Regular.otf
fig1_method_marl_coordination,en,,,fig1_method_marl_coordination:039,csf-fig1_method_marl_coordination-annotation-039,annotation,input,"page-points, origin = BOTTOM-LEFT of the exported page; page = matplotlib tight bbox of the figure + savefig.pad_inches (0.05 in) per side (the page matplotlib actually writes for bbox_inches='tight'). center_x_pt/center_y_pt = centre of the rendered text bbox; anchor_x_pt/anchor_y_pt = matplotlib text anchor (equals the SVG/PDF text x/y only for va='baseline', otherwise it differs by the ascent/descent, a few pt); x_frac/y_frac = the centre as a 0-1 fraction of that page.",517.64,476.805,154.272,322.533,154.272,322.533,15.6,8.094,0.298,0.6764,ax0,0.2952,0.6792,24.5,51.86,7.1,sans-serif,normal,normal,0.0,center,center,#1A1A1A,False,1,C:\Users\wzw\AppData\Local\Programs\MiKTeX\fonts\opentype\public\libertinus-fonts\LibertinusSans-Regular.otf
fig1_method_marl_coordination,en,,,fig1_method_marl_coordination:040,csf-fig1_method_marl_coordination-annotation-040,annotation,action,"page-points, origin = BOTTOM-LEFT of the exported page; page = matplotlib tight bbox of the figure + savefig.pad_inches (0.05 in) per side (the page matplotlib actually writes for bbox_inches='tight'). center_x_pt/center_y_pt = centre of the rendered text bbox; anchor_x_pt/anchor_y_pt = matplotlib text anchor (equals the SVG/PDF text x/y only for va='baseline', otherwise it differs by the ascent/descent, a few pt); x_frac/y_frac = the centre as a 0-1 fraction of that page.",517.64,476.805,271.12,322.533,271.12,322.533,18.24,8.094,0.5238,0.6764,ax0,0.5241,0.6792,43.5,51.86,7.1,sans-serif,normal,normal,0.0,center,center,#1A1A1A,False,1,C:\Users\wzw\AppData\Local\Programs\MiKTeX\fonts\opentype\public\libertinus-fonts\LibertinusSans-Regular.otf
fig1_method_marl_coordination,en,,,fig1_method_marl_coordination:041,csf-fig1_method_marl_coordination-annotation-041,annotation,samples,"page-points, origin = BOTTOM-LEFT of the exported page; page = matplotlib tight bbox of the figure + savefig.pad_inches (0.05 in) per side (the page matplotlib actually writes for bbox_inches='tight'). center_x_pt/center_y_pt = centre of the rendered text bbox; anchor_x_pt/anchor_y_pt = matplotlib text anchor (equals the SVG/PDF text x/y only for va='baseline', otherwise it differs by the ascent/descent, a few pt); x_frac/y_frac = the centre as a 0-1 fraction of that page.",517.64,476.805,446.392,322.533,446.392,322.533,23.28,8.094,0.8624,0.6764,ax0,0.8675,0.6792,72.0,51.86,7.1,sans-serif,normal,normal,0.0,center,center,#1A1A1A,False,1,C:\Users\wzw\AppData\Local\Programs\MiKTeX\fonts\opentype\public\libertinus-fonts\LibertinusSans-Regular.otf
fig1_method_marl_coordination,en,,,fig1_method_marl_coordination:042,csf-fig1_method_marl_coordination-annotation-042,annotation,return,"page-points, origin = BOTTOM-LEFT of the exported page; page = matplotlib tight bbox of the figure + savefig.pad_inches (0.05 in) per side (the page matplotlib actually writes for bbox_inches='tight'). center_x_pt/center_y_pt = centre of the rendered text bbox; anchor_x_pt/anchor_y_pt = matplotlib text anchor (equals the SVG/PDF text x/y only for va='baseline', otherwise it differs by the ascent/descent, a few pt); x_frac/y_frac = the centre as a 0-1 fraction of that page.",517.64,476.805,212.696,273.334,212.696,273.334,18.424,8.094,0.4109,0.5733,ax0,0.4096,0.5744,34.0,43.86,7.1,sans-serif,normal,normal,0.0,center,center,#1A1A1A,False,1,C:\Users\wzw\AppData\Local\Programs\MiKTeX\fonts\opentype\public\libertinus-fonts\LibertinusSans-Regular.otf
fig1_method_marl_coordination,en,,,fig1_method_marl_coordination:043,csf-fig1_method_marl_coordination-annotation-043,annotation,gradient,"page-points, origin = BOTTOM-LEFT of the exported page; page = matplotlib tight bbox of the figure + savefig.pad_inches (0.05 in) per side (the page matplotlib actually writes for bbox_inches='tight'). center_x_pt/center_y_pt = centre of the rendered text bbox; anchor_x_pt/anchor_y_pt = matplotlib text anchor (equals the SVG/PDF text x/y only for va='baseline', otherwise it differs by the ascent/descent, a few pt); x_frac/y_frac = the centre as a 0-1 fraction of that page.",517.64,476.805,271.12,273.334,271.12,273.334,24.72,8.094,0.5238,0.5733,ax0,0.5241,0.5744,43.5,43.86,7.1,sans-serif,normal,normal,0.0,center,center,#1A1A1A,False,1,C:\Users\wzw\AppData\Local\Programs\MiKTeX\fonts\opentype\public\libertinus-fonts\LibertinusSans-Regular.otf
fig1_method_marl_coordination,en,,,fig1_method_marl_coordination:044,csf-fig1_method_marl_coordination-annotation-044,annotation,global information,"page-points, origin = BOTTOM-LEFT of the exported page; page = matplotlib tight bbox of the figure + savefig.pad_inches (0.05 in) per side (the page matplotlib actually writes for bbox_inches='tight'). center_x_pt/center_y_pt = centre of the rendered text bbox; anchor_x_pt/anchor_y_pt = matplotlib text anchor (equals the SVG/PDF text x/y only for va='baseline', otherwise it differs by the ascent/descent, a few pt); x_frac/y_frac = the centre as a 0-1 fraction of that page.",517.64,476.805,154.272,224.135,154.272,224.135,54.24,8.094,0.298,0.4701,ax0,0.2952,0.4696,24.5,35.86,7.1,sans-serif,normal,normal,0.0,center,center,#1A1A1A,False,1,C:\Users\wzw\AppData\Local\Programs\MiKTeX\fonts\opentype\public\libertinus-fonts\LibertinusSans-Regular.otf
fig1_method_marl_coordination,en,,,fig1_method_marl_coordination:045,csf-fig1_method_marl_coordination-annotation-045,annotation,factorisation,"page-points, origin = BOTTOM-LEFT of the exported page; page = matplotlib tight bbox of the figure + savefig.pad_inches (0.05 in) per side (the page matplotlib actually writes for bbox_inches='tight'). center_x_pt/center_y_pt = centre of the rendered text bbox; anchor_x_pt/anchor_y_pt = matplotlib text anchor (equals the SVG/PDF text x/y only for va='baseline', otherwise it differs by the ascent/descent, a few pt); x_frac/y_frac = the centre as a 0-1 fraction of that page.",517.64,476.805,271.12,224.135,271.12,224.135,37.2,8.094,0.5238,0.4701,ax0,0.5241,0.4696,43.5,35.86,7.1,sans-serif,normal,normal,0.0,center,center,#1A1A1A,False,1,C:\Users\wzw\AppData\Local\Programs\MiKTeX\fonts\opentype\public\libertinus-fonts\LibertinusSans-Regular.otf
fig1_method_marl_coordination,en,,,fig1_method_marl_coordination:046,csf-fig1_method_marl_coordination-annotation-046,annotation,training batch,"page-points, origin = BOTTOM-LEFT of the exported page; page = matplotlib tight bbox of the figure + savefig.pad_inches (0.05 in) per side (the page matplotlib actually writes for bbox_inches='tight'). center_x_pt/center_y_pt = centre of the rendered text bbox; anchor_x_pt/anchor_y_pt = matplotlib text anchor (equals the SVG/PDF text x/y only for va='baseline', otherwise it differs by the ascent/descent, a few pt); x_frac/y_frac = the centre as a 0-1 fraction of that page.",517.64,476.805,329.544,224.135,329.544,224.135,41.52,8.094,0.6366,0.4701,ax0,0.6386,0.4696,53.0,35.86,7.1,sans-serif,normal,normal,0.0,center,center,#1A1A1A,False,1,C:\Users\wzw\AppData\Local\Programs\MiKTeX\fonts\opentype\public\libertinus-fonts\LibertinusSans-Regular.otf
